2026-05-31T13:41:13.425+01:00  INFO 25192 --- [order-service] [main] c.e.order.OrderServiceApplication        : Starting OrderServiceApplication using Java 17.0.12 with PID 25192 (D:\Dublin\Interview Prep\Microservices\E-Commerce-Microservices-App\order\target\classes started by musta in D:\Dublin\Interview Prep\Microservices\E-Commerce-Microservices-App)
2026-05-31T13:41:13.428+01:00  INFO 25192 --- [order-service] [main] c.e.order.OrderServiceApplication        : The following 1 profile is active: "order-service"
2026-05-31T13:41:13.463+01:00  INFO 25192 --- [order-service] [main] o.s.c.c.c.ConfigServerConfigDataLoader   : Fetching config from server at : http://localhost:8888
2026-05-31T13:41:13.463+01:00  INFO 25192 --- [order-service] [main] o.s.c.c.c.ConfigServerConfigDataLoader   : Located environment: name=order-service, profiles=[default], label=null, version=null, state=null
2026-05-31T13:41:13.464+01:00  INFO 25192 --- [order-service] [main] o.s.c.c.c.ConfigServerConfigDataLoader   : Fetching config from server at : http://localhost:8888
2026-05-31T13:41:13.465+01:00  INFO 25192 --- [order-service] [main] o.s.c.c.c.ConfigServerConfigDataLoader   : Located environment: name=order-service, profiles=[order-service], label=null, version=null, state=null
2026-05-31T13:41:14.897+01:00  INFO 25192 --- [order-service] [main] .s.d.r.c.RepositoryConfigurationDelegate : Bootstrapping Spring Data JPA repositories in DEFAULT mode.
2026-05-31T13:41:15.025+01:00  INFO 25192 --- [order-service] [main] .s.d.r.c.RepositoryConfigurationDelegate : Finished Spring Data repository scanning in 112 ms. Found 2 JPA repository interfaces.
2026-05-31T13:41:15.313+01:00  INFO 25192 --- [order-service] [main] faultConfiguringBeanFactoryPostProcessor : No bean named 'errorChannel' has been explicitly defined. Therefore, a default PublishSubscribeChannel will be created.
2026-05-31T13:41:15.318+01:00  INFO 25192 --- [order-service] [main] faultConfiguringBeanFactoryPostProcessor : No bean named 'integrationHeaderChannelRegistry' has been explicitly defined. Therefore, a default DefaultHeaderChannelRegistry will be created.
2026-05-31T13:41:15.399+01:00  INFO 25192 --- [order-service] [main] o.s.cloud.context.scope.GenericScope     : BeanFactory id=51af74b3-15f7-3c5a-8892-b9bef82a68b5
2026-05-31T13:41:15.736+01:00  INFO 25192 --- [order-service] [main] o.s.boot.tomcat.TomcatWebServer          : Tomcat initialized with port 8083 (http)
2026-05-31T13:41:15.746+01:00  INFO 25192 --- [order-service] [main] o.apache.catalina.core.StandardService   : Starting service [Tomcat]
2026-05-31T13:41:15.747+01:00  INFO 25192 --- [order-service] [main] o.apache.catalina.core.StandardEngine    : Starting Servlet engine: [Apache Tomcat/11.0.15]
2026-05-31T13:41:15.800+01:00  INFO 25192 --- [order-service] [main] b.w.c.s.WebApplicationContextInitializer : Root WebApplicationContext: initialization completed in 2332 ms
2026-05-31T13:41:16.031+01:00  INFO 25192 --- [order-service] [main] org.hibernate.orm.jpa                    : HHH008540: Processing PersistenceUnitInfo [name: default]
2026-05-31T13:41:16.072+01:00  INFO 25192 --- [order-service] [main] org.hibernate.orm.core                   : HHH000001: Hibernate ORM core version 7.2.0.Final
2026-05-31T13:41:16.394+01:00  INFO 25192 --- [order-service] [main] o.s.o.j.p.SpringPersistenceUnitInfo      : No LoadTimeWeaver setup: ignoring JPA class transformer
2026-05-31T13:41:16.421+01:00  INFO 25192 --- [order-service] [main] com.zaxxer.hikari.HikariDataSource       : MyHikariCP - Starting...
2026-05-31T13:41:16.549+01:00  INFO 25192 --- [order-service] [main] com.zaxxer.hikari.pool.HikariPool        : MyHikariCP - Added connection com.mysql.cj.jdbc.ConnectionImpl@d56d9f6
2026-05-31T13:41:16.551+01:00  INFO 25192 --- [order-service] [main] com.zaxxer.hikari.HikariDataSource       : MyHikariCP - Start completed.
2026-05-31T13:41:16.593+01:00  WARN 25192 --- [order-service] [main] org.hibernate.orm.deprecation            : HHH90000025: MySQLDialect does not need to be specified explicitly using 'hibernate.dialect' (remove the property setting and it will be selected by default)
2026-05-31T13:41:16.612+01:00  INFO 25192 --- [order-service] [main] org.hibernate.orm.connections.pooling    : HHH10001005: Database info:
	Database JDBC URL [jdbc:mysql://localhost:3309/ecomapp_order_service?useSSL=false&allowPublicKeyRetrieval=true&serverTimezone=UTC]
	Database driver: MySQL Connector/J
	Database dialect: MySQLDialect
	Database version: 8.0.44
	Default catalog/schema: ecomapp_order_service/undefined
	Autocommit mode: undefined/unknown
	Isolation level: REPEATABLE_READ [default REPEATABLE_READ]
	JDBC fetch size: none
	Pool: DataSourceConnectionProvider
	Minimum pool size: undefined/unknown
	Maximum pool size: undefined/unknown
2026-05-31T13:41:17.381+01:00  INFO 25192 --- [order-service] [main] org.hibernate.orm.core                   : HHH000489: No JTA platform available (set 'hibernate.transaction.jta.platform' to enable JTA platform integration)
2026-05-31T13:41:17.790+01:00  INFO 25192 --- [order-service] [main] j.LocalContainerEntityManagerFactoryBean : Initialized JPA EntityManagerFactory for persistence unit 'default'
2026-05-31T13:41:17.873+01:00  INFO 25192 --- [order-service] [main] o.s.d.j.r.query.QueryEnhancerFactories   : Hibernate is in classpath; If applicable, HQL parser will be used.
2026-05-31T13:41:18.490+01:00  WARN 25192 --- [order-service] [main] JpaBaseConfiguration$JpaWebConfiguration : spring.jpa.open-in-view is enabled by default. Therefore, database queries may be performed during view rendering. Explicitly configure spring.jpa.open-in-view to disable this warning
2026-05-31T13:41:19.027+01:00  INFO 25192 --- [order-service] [main] o.s.c.s.m.DirectWithAttributesChannel    : Channel 'order-service.springCloudBusInput' has 1 subscriber(s).
2026-05-31T13:41:20.489+01:00  INFO 25192 --- [order-service] [main] o.s.cloud.commons.util.InetUtils         : Cannot determine local hostname
2026-05-31T13:41:21.739+01:00  INFO 25192 --- [order-service] [main] o.s.cloud.commons.util.InetUtils         : Cannot determine local hostname
2026-05-31T13:41:23.325+01:00  INFO 25192 --- [order-service] [main] o.s.cloud.commons.util.InetUtils         : Cannot determine local hostname
2026-05-31T13:41:23.342+01:00  INFO 25192 --- [order-service] [main] DiscoveryClientOptionalArgsConfiguration : Eureka HTTP Client uses RestClient.
2026-05-31T13:41:23.382+01:00  WARN 25192 --- [order-service] [main] iguration$LoadBalancerCaffeineWarnLogger : Spring Cloud LoadBalancer is currently working with the default cache. While this cache implementation is useful for development and tests, it's recommended to use Caffeine cache in production.You can switch to using Caffeine cache, by adding it and org.springframework.cache.caffeine.CaffeineCacheManager to the classpath.
2026-05-31T13:41:23.391+01:00  INFO 25192 --- [order-service] [main] o.s.b.a.e.web.EndpointLinksResolver      : Exposing 24 endpoints beneath base path '/actuator'
2026-05-31T13:41:23.566+01:00  INFO 25192 --- [order-service] [main] figuration$IntegrationJmxConfiguration$1 : Registering MessageChannel errorChannel
2026-05-31T13:41:23.576+01:00  INFO 25192 --- [order-service] [main] figuration$IntegrationJmxConfiguration$1 : Registering MessageChannel springCloudBusInput
2026-05-31T13:41:23.582+01:00  INFO 25192 --- [order-service] [main] figuration$IntegrationJmxConfiguration$1 : Registering MessageChannel nullChannel
2026-05-31T13:41:23.590+01:00  INFO 25192 --- [order-service] [main] figuration$IntegrationJmxConfiguration$1 : Registering MessageHandler _org.springframework.integration.errorLogger
2026-05-31T13:41:23.610+01:00  INFO 25192 --- [order-service] [main] o.s.i.endpoint.EventDrivenConsumer       : Adding {logging-channel-adapter:_org.springframework.integration.errorLogger} as a subscriber to the 'errorChannel' channel
2026-05-31T13:41:23.610+01:00  INFO 25192 --- [order-service] [main] o.s.i.channel.PublishSubscribeChannel    : Channel 'order-service.errorChannel' has 1 subscriber(s).
2026-05-31T13:41:23.611+01:00  INFO 25192 --- [order-service] [main] o.s.i.endpoint.EventDrivenConsumer       : started bean '_org.springframework.integration.errorLogger'
2026-05-31T13:41:23.632+01:00  INFO 25192 --- [order-service] [main] o.s.c.n.eureka.InstanceInfoFactory       : Setting initial instance status as: STARTING
2026-05-31T13:41:23.655+01:00  INFO 25192 --- [order-service] [main] com.netflix.discovery.DiscoveryClient    : Initializing Eureka in region us-east-1
2026-05-31T13:41:23.659+01:00  INFO 25192 --- [order-service] [main] c.n.d.s.r.aws.ConfigClusterResolver      : Resolving eureka endpoints via configuration
2026-05-31T13:41:23.669+01:00  INFO 25192 --- [order-service] [main] com.netflix.discovery.DiscoveryClient    : Disable delta property : false
2026-05-31T13:41:23.670+01:00  INFO 25192 --- [order-service] [main] com.netflix.discovery.DiscoveryClient    : Single vip registry refresh property : null
2026-05-31T13:41:23.670+01:00  INFO 25192 --- [order-service] [main] com.netflix.discovery.DiscoveryClient    : Force full registry fetch : false
2026-05-31T13:41:23.670+01:00  INFO 25192 --- [order-service] [main] com.netflix.discovery.DiscoveryClient    : Application is null : false
2026-05-31T13:41:23.670+01:00  INFO 25192 --- [order-service] [main] com.netflix.discovery.DiscoveryClient    : Registered Applications size is zero : true
2026-05-31T13:41:23.670+01:00  INFO 25192 --- [order-service] [main] com.netflix.discovery.DiscoveryClient    : Application version is -1: true
2026-05-31T13:41:23.670+01:00  INFO 25192 --- [order-service] [main] com.netflix.discovery.DiscoveryClient    : Getting all instance registry info from the eureka server
2026-05-31T13:41:23.824+01:00  INFO 25192 --- [order-service] [main] com.netflix.discovery.DiscoveryClient    : The response status is 200
2026-05-31T13:41:23.828+01:00  INFO 25192 --- [order-service] [main] com.netflix.discovery.DiscoveryClient    : Starting heartbeat executor: renew interval is: 30
2026-05-31T13:41:23.830+01:00  INFO 25192 --- [order-service] [main] c.n.discovery.InstanceInfoReplicator     : InstanceInfoReplicator onDemand update allowed rate per min is 4
2026-05-31T13:41:23.832+01:00  INFO 25192 --- [order-service] [main] com.netflix.discovery.DiscoveryClient    : Discovery Client initialized at timestamp 1780231283831 with initial instances count: 3
2026-05-31T13:41:23.838+01:00  INFO 25192 --- [order-service] [main] o.s.c.n.e.s.EurekaServiceRegistry        : Registering application ORDER-SERVICE with eureka with status UP
2026-05-31T13:41:23.839+01:00  INFO 25192 --- [order-service] [main] com.netflix.discovery.DiscoveryClient    : Saw local status change event StatusChangeEvent [timestamp=1780231283839, current=UP, previous=STARTING]
2026-05-31T13:41:23.841+01:00  INFO 25192 --- [order-service] [DiscoveryClient-InstanceInfoReplicator-%d] com.netflix.discovery.DiscoveryClient    : DiscoveryClient_ORDER-SERVICE/localhost:order-service:8083: registering service...
2026-05-31T13:41:23.842+01:00  INFO 25192 --- [order-service] [main] o.s.c.s.binder.DefaultBinderFactory      : Creating binder: rabbit
2026-05-31T13:41:23.843+01:00  INFO 25192 --- [order-service] [main] o.s.c.s.binder.DefaultBinderFactory      : Constructing binder child context for rabbit
2026-05-31T13:41:23.889+01:00  INFO 25192 --- [order-service] [DiscoveryClient-InstanceInfoReplicator-%d] com.netflix.discovery.DiscoveryClient    : DiscoveryClient_ORDER-SERVICE/localhost:order-service:8083 - registration status: 204
2026-05-31T13:41:23.934+01:00  INFO 25192 --- [order-service] [main] o.s.c.s.binder.DefaultBinderFactory      : Caching the binder: rabbit
2026-05-31T13:41:23.947+01:00  INFO 25192 --- [order-service] [main] c.s.b.r.p.RabbitExchangeQueueProvisioner : declaring queue for inbound: springCloudBus.anonymous.988HLkW1RhWumRLswLilhg, bound to: springCloudBus
2026-05-31T13:41:23.953+01:00  INFO 25192 --- [order-service] [main] o.s.a.r.c.CachingConnectionFactory       : Attempting to connect to: [localhost:5672]
2026-05-31T13:41:24.023+01:00  INFO 25192 --- [order-service] [main] o.s.a.r.c.CachingConnectionFactory       : Created new connection: rabbitConnectionFactory#57e8714b:0/SimpleConnection@7963767d [delegate=amqp://guest@127.0.0.1:5672/, localPort=52748]
2026-05-31T13:41:24.096+01:00  INFO 25192 --- [order-service] [main] o.s.c.stream.binder.BinderErrorChannel   : Channel 'rabbit-1852106229.springCloudBusInput.errors' has 1 subscriber(s).
2026-05-31T13:41:24.097+01:00  INFO 25192 --- [order-service] [main] o.s.c.stream.binder.BinderErrorChannel   : Channel 'rabbit-1852106229.springCloudBusInput.errors' has 2 subscriber(s).
2026-05-31T13:41:24.124+01:00  INFO 25192 --- [order-service] [main] o.s.i.a.i.AmqpInboundChannelAdapter      : started bean 'inbound.springCloudBus.anonymous.988HLkW1RhWumRLswLilhg'
2026-05-31T13:41:24.151+01:00  INFO 25192 --- [order-service] [main] o.s.boot.tomcat.TomcatWebServer          : Tomcat started on port 8083 (http) with context path '/'
2026-05-31T13:41:24.152+01:00  INFO 25192 --- [order-service] [main] .s.c.n.e.s.EurekaAutoServiceRegistration : Updating port to 8083
2026-05-31T13:41:25.302+01:00  INFO 25192 --- [order-service] [main] o.s.cloud.commons.util.InetUtils         : Cannot determine local hostname
2026-05-31T13:41:26.451+01:00  INFO 25192 --- [order-service] [main] o.s.cloud.commons.util.InetUtils         : Cannot determine local hostname
2026-05-31T13:41:26.505+01:00  INFO 25192 --- [order-service] [main] figuration$IntegrationJmxConfiguration$1 : Registering MessageChannel rabbit-1852106229.springCloudBusInput.errors
2026-05-31T13:41:26.535+01:00  INFO 25192 --- [order-service] [main] c.e.order.OrderServiceApplication        : Started OrderServiceApplication in 15.399 seconds (process running for 16.161)
2026-05-31T13:41:26.553+01:00  WARN 25192 --- [order-service] [main] o.s.core.events.SpringDocAppInitializer  : SpringDoc /v3/api-docs endpoint is enabled by default. To disable it in production, set the property 'springdoc.api-docs.enabled=false'
2026-05-31T13:41:26.553+01:00  WARN 25192 --- [order-service] [main] o.s.core.events.SpringDocAppInitializer  : SpringDoc /swagger-ui.html endpoint is enabled by default. To disable it in production, set the property 'springdoc.swagger-ui.enabled=false'
2026-05-31T13:41:26.873+01:00  INFO 25192 --- [order-service] [RMI TCP Connection(5)-192.168.1.22] o.a.c.c.C.[Tomcat].[localhost].[/]       : Initializing Spring DispatcherServlet 'dispatcherServlet'
2026-05-31T13:41:26.873+01:00  INFO 25192 --- [order-service] [RMI TCP Connection(5)-192.168.1.22] o.s.web.servlet.DispatcherServlet        : Initializing Servlet 'dispatcherServlet'
2026-05-31T13:41:26.878+01:00  INFO 25192 --- [order-service] [RMI TCP Connection(5)-192.168.1.22] o.s.web.servlet.DispatcherServlet        : Completed initialization in 5 ms
2026-05-31T13:46:23.673+01:00  INFO 25192 --- [order-service] [AsyncResolver-bootstrap-executor-%d] c.n.d.s.r.aws.ConfigClusterResolver      : Resolving eureka endpoints via configuration
2026-05-31T13:51:23.682+01:00  INFO 25192 --- [order-service] [AsyncResolver-bootstrap-executor-%d] c.n.d.s.r.aws.ConfigClusterResolver      : Resolving eureka endpoints via configuration
2026-05-31T13:56:23.689+01:00  INFO 25192 --- [order-service] [AsyncResolver-bootstrap-executor-%d] c.n.d.s.r.aws.ConfigClusterResolver      : Resolving eureka endpoints via configuration
2026-05-31T14:01:23.701+01:00  INFO 25192 --- [order-service] [AsyncResolver-bootstrap-executor-%d] c.n.d.s.r.aws.ConfigClusterResolver      : Resolving eureka endpoints via configuration
2026-05-31T14:06:23.716+01:00  INFO 25192 --- [order-service] [AsyncResolver-bootstrap-executor-%d] c.n.d.s.r.aws.ConfigClusterResolver      : Resolving eureka endpoints via configuration
2026-05-31T14:11:23.723+01:00  INFO 25192 --- [order-service] [AsyncResolver-bootstrap-executor-%d] c.n.d.s.r.aws.ConfigClusterResolver      : Resolving eureka endpoints via configuration
2026-05-31T14:16:23.738+01:00  INFO 25192 --- [order-service] [AsyncResolver-bootstrap-executor-%d] c.n.d.s.r.aws.ConfigClusterResolver      : Resolving eureka endpoints via configuration
2026-05-31T14:21:23.751+01:00  INFO 25192 --- [order-service] [AsyncResolver-bootstrap-executor-%d] c.n.d.s.r.aws.ConfigClusterResolver      : Resolving eureka endpoints via configuration
2026-05-31T14:26:23.769+01:00  INFO 25192 --- [order-service] [AsyncResolver-bootstrap-executor-%d] c.n.d.s.r.aws.ConfigClusterResolver      : Resolving eureka endpoints via configuration
2026-05-31T14:31:23.788+01:00  INFO 25192 --- [order-service] [AsyncResolver-bootstrap-executor-%d] c.n.d.s.r.aws.ConfigClusterResolver      : Resolving eureka endpoints via configuration
2026-05-31T14:33:19.535+01:00  INFO 25192 --- [order-service] [SpringApplicationShutdownHook] o.s.c.n.e.s.EurekaServiceRegistry        : Unregistering application ORDER-SERVICE with eureka with status DOWN
2026-05-31T14:33:19.536+01:00  INFO 25192 --- [order-service] [SpringApplicationShutdownHook] com.netflix.discovery.DiscoveryClient    : Saw local status change event StatusChangeEvent [timestamp=1780234399536, current=DOWN, previous=UP]
2026-05-31T14:33:19.538+01:00  INFO 25192 --- [order-service] [DiscoveryClient-InstanceInfoReplicator-%d] com.netflix.discovery.DiscoveryClient    : DiscoveryClient_ORDER-SERVICE/localhost:order-service:8083: registering service...
2026-05-31T14:33:19.599+01:00  INFO 25192 --- [order-service] [DiscoveryClient-InstanceInfoReplicator-%d] com.netflix.discovery.DiscoveryClient    : DiscoveryClient_ORDER-SERVICE/localhost:order-service:8083 - registration status: 204
2026-05-31T14:33:19.630+01:00  INFO 25192 --- [order-service] [SpringApplicationShutdownHook] o.s.boot.tomcat.GracefulShutdown         : Commencing graceful shutdown. Waiting for active requests to complete
2026-05-31T14:33:19.982+01:00  INFO 25192 --- [order-service] [tomcat-shutdown] o.s.boot.tomcat.GracefulShutdown         : Graceful shutdown complete
2026-05-31T14:33:20.097+01:00  INFO 25192 --- [order-service] [SpringApplicationShutdownHook] o.s.a.r.l.SimpleMessageListenerContainer : Waiting for workers to finish.
2026-05-31T14:33:20.783+01:00  INFO 25192 --- [order-service] [SpringApplicationShutdownHook] o.s.a.r.l.SimpleMessageListenerContainer : Successfully waited for workers to finish.
2026-05-31T14:33:20.792+01:00  INFO 25192 --- [order-service] [SpringApplicationShutdownHook] o.s.i.a.i.AmqpInboundChannelAdapter      : stopped bean 'inbound.springCloudBus.anonymous.988HLkW1RhWumRLswLilhg'
2026-05-31T14:33:20.857+01:00  INFO 25192 --- [order-service] [SpringApplicationShutdownHook] o.s.c.stream.binder.BinderErrorChannel   : Channel 'order-service.rabbit-1852106229.springCloudBusInput.errors' has 1 subscriber(s).
2026-05-31T14:33:20.860+01:00  INFO 25192 --- [order-service] [SpringApplicationShutdownHook] o.s.c.stream.binder.BinderErrorChannel   : Channel 'order-service.rabbit-1852106229.springCloudBusInput.errors' has 0 subscriber(s).
2026-05-31T14:33:20.971+01:00  INFO 25192 --- [order-service] [SpringApplicationShutdownHook] o.s.i.endpoint.EventDrivenConsumer       : Removing {logging-channel-adapter:_org.springframework.integration.errorLogger} as a subscriber to the 'errorChannel' channel
2026-05-31T14:33:20.972+01:00  INFO 25192 --- [order-service] [SpringApplicationShutdownHook] o.s.i.channel.PublishSubscribeChannel    : Channel 'order-service.errorChannel' has 0 subscriber(s).
2026-05-31T14:33:20.973+01:00  INFO 25192 --- [order-service] [SpringApplicationShutdownHook] o.s.i.endpoint.EventDrivenConsumer       : stopped bean '_org.springframework.integration.errorLogger'
2026-05-31T14:33:21.033+01:00  INFO 25192 --- [order-service] [SpringApplicationShutdownHook] j.LocalContainerEntityManagerFactoryBean : Closing JPA EntityManagerFactory for persistence unit 'default'
2026-05-31T14:33:21.126+01:00  INFO 25192 --- [order-service] [SpringApplicationShutdownHook] com.zaxxer.hikari.HikariDataSource       : MyHikariCP - Shutdown initiated...
2026-05-31T14:33:21.134+01:00  INFO 25192 --- [order-service] [SpringApplicationShutdownHook] com.zaxxer.hikari.HikariDataSource       : MyHikariCP - Shutdown completed.
2026-05-31T14:33:21.139+01:00  INFO 25192 --- [order-service] [SpringApplicationShutdownHook] com.netflix.discovery.DiscoveryClient    : Shutting down DiscoveryClient ...
2026-05-31T14:33:24.145+01:00  INFO 25192 --- [order-service] [SpringApplicationShutdownHook] com.netflix.discovery.DiscoveryClient    : Unregistering ...
2026-05-31T14:33:24.167+01:00  INFO 25192 --- [order-service] [SpringApplicationShutdownHook] com.netflix.discovery.DiscoveryClient    : DiscoveryClient_ORDER-SERVICE/localhost:order-service:8083 - deregister  status: 200
2026-05-31T14:33:24.167+01:00  INFO 25192 --- [order-service] [SpringApplicationShutdownHook] com.netflix.discovery.DiscoveryClient    : Completed shut down of DiscoveryClient
2026-05-31T14:33:32.058+01:00  INFO 27068 --- [order-service] [main] c.e.order.OrderServiceApplication        : Starting OrderServiceApplication using Java 17.0.12 with PID 27068 (D:\Dublin\Interview Prep\Microservices\E-Commerce-Microservices-App\order\target\classes started by musta in D:\Dublin\Interview Prep\Microservices\E-Commerce-Microservices-App)
2026-05-31T14:33:32.062+01:00  INFO 27068 --- [order-service] [main] c.e.order.OrderServiceApplication        : The following 1 profile is active: "order-service"
2026-05-31T14:33:32.104+01:00  INFO 27068 --- [order-service] [main] o.s.c.c.c.ConfigServerConfigDataLoader   : Fetching config from server at : http://localhost:8888
2026-05-31T14:33:32.104+01:00  INFO 27068 --- [order-service] [main] o.s.c.c.c.ConfigServerConfigDataLoader   : Located environment: name=order-service, profiles=[default], label=null, version=null, state=null
2026-05-31T14:33:32.105+01:00  INFO 27068 --- [order-service] [main] o.s.c.c.c.ConfigServerConfigDataLoader   : Fetching config from server at : http://localhost:8888
2026-05-31T14:33:32.106+01:00  INFO 27068 --- [order-service] [main] o.s.c.c.c.ConfigServerConfigDataLoader   : Located environment: name=order-service, profiles=[order-service], label=null, version=null, state=null
2026-05-31T14:33:34.159+01:00  INFO 27068 --- [order-service] [main] .s.d.r.c.RepositoryConfigurationDelegate : Bootstrapping Spring Data JPA repositories in DEFAULT mode.
2026-05-31T14:33:34.347+01:00  INFO 27068 --- [order-service] [main] .s.d.r.c.RepositoryConfigurationDelegate : Finished Spring Data repository scanning in 174 ms. Found 2 JPA repository interfaces.
2026-05-31T14:33:34.783+01:00  INFO 27068 --- [order-service] [main] faultConfiguringBeanFactoryPostProcessor : No bean named 'errorChannel' has been explicitly defined. Therefore, a default PublishSubscribeChannel will be created.
2026-05-31T14:33:34.794+01:00  INFO 27068 --- [order-service] [main] faultConfiguringBeanFactoryPostProcessor : No bean named 'integrationHeaderChannelRegistry' has been explicitly defined. Therefore, a default DefaultHeaderChannelRegistry will be created.
2026-05-31T14:33:34.916+01:00  INFO 27068 --- [order-service] [main] o.s.cloud.context.scope.GenericScope     : BeanFactory id=51af74b3-15f7-3c5a-8892-b9bef82a68b5
2026-05-31T14:33:35.413+01:00  INFO 27068 --- [order-service] [main] o.s.boot.tomcat.TomcatWebServer          : Tomcat initialized with port 8083 (http)
2026-05-31T14:33:35.429+01:00  INFO 27068 --- [order-service] [main] o.apache.catalina.core.StandardService   : Starting service [Tomcat]
2026-05-31T14:33:35.429+01:00  INFO 27068 --- [order-service] [main] o.apache.catalina.core.StandardEngine    : Starting Servlet engine: [Apache Tomcat/11.0.15]
2026-05-31T14:33:35.501+01:00  INFO 27068 --- [order-service] [main] b.w.c.s.WebApplicationContextInitializer : Root WebApplicationContext: initialization completed in 3393 ms
2026-05-31T14:33:35.787+01:00  INFO 27068 --- [order-service] [main] org.hibernate.orm.jpa                    : HHH008540: Processing PersistenceUnitInfo [name: default]
2026-05-31T14:33:35.863+01:00  INFO 27068 --- [order-service] [main] org.hibernate.orm.core                   : HHH000001: Hibernate ORM core version 7.2.0.Final
2026-05-31T14:33:36.398+01:00  INFO 27068 --- [order-service] [main] o.s.o.j.p.SpringPersistenceUnitInfo      : No LoadTimeWeaver setup: ignoring JPA class transformer
2026-05-31T14:33:36.450+01:00  INFO 27068 --- [order-service] [main] com.zaxxer.hikari.HikariDataSource       : MyHikariCP - Starting...
2026-05-31T14:33:36.638+01:00  INFO 27068 --- [order-service] [main] com.zaxxer.hikari.pool.HikariPool        : MyHikariCP - Added connection com.mysql.cj.jdbc.ConnectionImpl@3d1b6816
2026-05-31T14:33:36.640+01:00  INFO 27068 --- [order-service] [main] com.zaxxer.hikari.HikariDataSource       : MyHikariCP - Start completed.
2026-05-31T14:33:36.739+01:00  WARN 27068 --- [order-service] [main] org.hibernate.orm.deprecation            : HHH90000025: MySQLDialect does not need to be specified explicitly using 'hibernate.dialect' (remove the property setting and it will be selected by default)
2026-05-31T14:33:36.763+01:00  INFO 27068 --- [order-service] [main] org.hibernate.orm.connections.pooling    : HHH10001005: Database info:
	Database JDBC URL [jdbc:mysql://localhost:3309/ecomapp_order_service?useSSL=false&allowPublicKeyRetrieval=true&serverTimezone=UTC]
	Database driver: MySQL Connector/J
	Database dialect: MySQLDialect
	Database version: 8.0.44
	Default catalog/schema: ecomapp_order_service/undefined
	Autocommit mode: undefined/unknown
	Isolation level: REPEATABLE_READ [default REPEATABLE_READ]
	JDBC fetch size: none
	Pool: DataSourceConnectionProvider
	Minimum pool size: undefined/unknown
	Maximum pool size: undefined/unknown
2026-05-31T14:33:37.767+01:00  INFO 27068 --- [order-service] [main] org.hibernate.orm.core                   : HHH000489: No JTA platform available (set 'hibernate.transaction.jta.platform' to enable JTA platform integration)
2026-05-31T14:33:38.448+01:00  INFO 27068 --- [order-service] [main] j.LocalContainerEntityManagerFactoryBean : Initialized JPA EntityManagerFactory for persistence unit 'default'
2026-05-31T14:33:38.545+01:00  INFO 27068 --- [order-service] [main] o.s.d.j.r.query.QueryEnhancerFactories   : Hibernate is in classpath; If applicable, HQL parser will be used.
2026-05-31T14:33:39.261+01:00  WARN 27068 --- [order-service] [main] JpaBaseConfiguration$JpaWebConfiguration : spring.jpa.open-in-view is enabled by default. Therefore, database queries may be performed during view rendering. Explicitly configure spring.jpa.open-in-view to disable this warning
2026-05-31T14:33:40.001+01:00  INFO 27068 --- [order-service] [main] o.s.c.s.m.DirectWithAttributesChannel    : Channel 'order-service.springCloudBusInput' has 1 subscriber(s).
2026-05-31T14:33:41.443+01:00  INFO 27068 --- [order-service] [main] o.s.cloud.commons.util.InetUtils         : Cannot determine local hostname
2026-05-31T14:33:42.780+01:00  INFO 27068 --- [order-service] [main] o.s.cloud.commons.util.InetUtils         : Cannot determine local hostname
2026-05-31T14:33:44.353+01:00  INFO 27068 --- [order-service] [main] o.s.cloud.commons.util.InetUtils         : Cannot determine local hostname
2026-05-31T14:33:44.375+01:00  INFO 27068 --- [order-service] [main] DiscoveryClientOptionalArgsConfiguration : Eureka HTTP Client uses RestClient.
2026-05-31T14:33:44.425+01:00  WARN 27068 --- [order-service] [main] iguration$LoadBalancerCaffeineWarnLogger : Spring Cloud LoadBalancer is currently working with the default cache. While this cache implementation is useful for development and tests, it's recommended to use Caffeine cache in production.You can switch to using Caffeine cache, by adding it and org.springframework.cache.caffeine.CaffeineCacheManager to the classpath.
2026-05-31T14:33:44.432+01:00  INFO 27068 --- [order-service] [main] o.s.b.a.e.web.EndpointLinksResolver      : Exposing 24 endpoints beneath base path '/actuator'
2026-05-31T14:33:44.712+01:00  INFO 27068 --- [order-service] [main] figuration$IntegrationJmxConfiguration$1 : Registering MessageChannel errorChannel
2026-05-31T14:33:44.722+01:00  INFO 27068 --- [order-service] [main] figuration$IntegrationJmxConfiguration$1 : Registering MessageChannel springCloudBusInput
2026-05-31T14:33:44.727+01:00  INFO 27068 --- [order-service] [main] figuration$IntegrationJmxConfiguration$1 : Registering MessageChannel nullChannel
2026-05-31T14:33:44.741+01:00  INFO 27068 --- [order-service] [main] figuration$IntegrationJmxConfiguration$1 : Registering MessageHandler _org.springframework.integration.errorLogger
2026-05-31T14:33:44.768+01:00  INFO 27068 --- [order-service] [main] o.s.i.endpoint.EventDrivenConsumer       : Adding {logging-channel-adapter:_org.springframework.integration.errorLogger} as a subscriber to the 'errorChannel' channel
2026-05-31T14:33:44.769+01:00  INFO 27068 --- [order-service] [main] o.s.i.channel.PublishSubscribeChannel    : Channel 'order-service.errorChannel' has 1 subscriber(s).
2026-05-31T14:33:44.770+01:00  INFO 27068 --- [order-service] [main] o.s.i.endpoint.EventDrivenConsumer       : started bean '_org.springframework.integration.errorLogger'
2026-05-31T14:33:44.803+01:00  INFO 27068 --- [order-service] [main] o.s.c.n.eureka.InstanceInfoFactory       : Setting initial instance status as: STARTING
2026-05-31T14:33:44.842+01:00  INFO 27068 --- [order-service] [main] com.netflix.discovery.DiscoveryClient    : Initializing Eureka in region us-east-1
2026-05-31T14:33:44.848+01:00  INFO 27068 --- [order-service] [main] c.n.d.s.r.aws.ConfigClusterResolver      : Resolving eureka endpoints via configuration
2026-05-31T14:33:44.864+01:00  INFO 27068 --- [order-service] [main] com.netflix.discovery.DiscoveryClient    : Disable delta property : false
2026-05-31T14:33:44.864+01:00  INFO 27068 --- [order-service] [main] com.netflix.discovery.DiscoveryClient    : Single vip registry refresh property : null
2026-05-31T14:33:44.864+01:00  INFO 27068 --- [order-service] [main] com.netflix.discovery.DiscoveryClient    : Force full registry fetch : false
2026-05-31T14:33:44.864+01:00  INFO 27068 --- [order-service] [main] com.netflix.discovery.DiscoveryClient    : Application is null : false
2026-05-31T14:33:44.864+01:00  INFO 27068 --- [order-service] [main] com.netflix.discovery.DiscoveryClient    : Registered Applications size is zero : true
2026-05-31T14:33:44.864+01:00  INFO 27068 --- [order-service] [main] com.netflix.discovery.DiscoveryClient    : Application version is -1: true
2026-05-31T14:33:44.864+01:00  INFO 27068 --- [order-service] [main] com.netflix.discovery.DiscoveryClient    : Getting all instance registry info from the eureka server
2026-05-31T14:33:45.056+01:00  INFO 27068 --- [order-service] [main] com.netflix.discovery.DiscoveryClient    : The response status is 200
2026-05-31T14:33:45.058+01:00  INFO 27068 --- [order-service] [main] com.netflix.discovery.DiscoveryClient    : Starting heartbeat executor: renew interval is: 30
2026-05-31T14:33:45.059+01:00  INFO 27068 --- [order-service] [main] c.n.discovery.InstanceInfoReplicator     : InstanceInfoReplicator onDemand update allowed rate per min is 4
2026-05-31T14:33:45.061+01:00  INFO 27068 --- [order-service] [main] com.netflix.discovery.DiscoveryClient    : Discovery Client initialized at timestamp 1780234425061 with initial instances count: 2
2026-05-31T14:33:45.064+01:00  INFO 27068 --- [order-service] [main] o.s.c.n.e.s.EurekaServiceRegistry        : Registering application ORDER-SERVICE with eureka with status UP
2026-05-31T14:33:45.065+01:00  INFO 27068 --- [order-service] [main] com.netflix.discovery.DiscoveryClient    : Saw local status change event StatusChangeEvent [timestamp=1780234425065, current=UP, previous=STARTING]
2026-05-31T14:33:45.066+01:00  INFO 27068 --- [order-service] [DiscoveryClient-InstanceInfoReplicator-%d] com.netflix.discovery.DiscoveryClient    : DiscoveryClient_ORDER-SERVICE/localhost:order-service:8083: registering service...
2026-05-31T14:33:45.067+01:00  INFO 27068 --- [order-service] [main] o.s.c.s.binder.DefaultBinderFactory      : Creating binder: rabbit
2026-05-31T14:33:45.067+01:00  INFO 27068 --- [order-service] [main] o.s.c.s.binder.DefaultBinderFactory      : Constructing binder child context for rabbit
2026-05-31T14:33:45.108+01:00  INFO 27068 --- [order-service] [DiscoveryClient-InstanceInfoReplicator-%d] com.netflix.discovery.DiscoveryClient    : DiscoveryClient_ORDER-SERVICE/localhost:order-service:8083 - registration status: 204
2026-05-31T14:33:45.145+01:00  INFO 27068 --- [order-service] [main] o.s.c.s.binder.DefaultBinderFactory      : Caching the binder: rabbit
2026-05-31T14:33:45.153+01:00  INFO 27068 --- [order-service] [main] c.s.b.r.p.RabbitExchangeQueueProvisioner : declaring queue for inbound: springCloudBus.anonymous.ly6owkozQF2Bl4YK2Rb7_A, bound to: springCloudBus
2026-05-31T14:33:45.157+01:00  INFO 27068 --- [order-service] [main] o.s.a.r.c.CachingConnectionFactory       : Attempting to connect to: [localhost:5672]
2026-05-31T14:33:45.237+01:00  INFO 27068 --- [order-service] [main] o.s.a.r.c.CachingConnectionFactory       : Created new connection: rabbitConnectionFactory#5db9952b:0/SimpleConnection@1040bcfb [delegate=amqp://guest@127.0.0.1:5672/, localPort=49974]
2026-05-31T14:33:45.349+01:00  INFO 27068 --- [order-service] [main] o.s.c.stream.binder.BinderErrorChannel   : Channel 'rabbit-508748776.springCloudBusInput.errors' has 1 subscriber(s).
2026-05-31T14:33:45.351+01:00  INFO 27068 --- [order-service] [main] o.s.c.stream.binder.BinderErrorChannel   : Channel 'rabbit-508748776.springCloudBusInput.errors' has 2 subscriber(s).
2026-05-31T14:33:45.393+01:00  INFO 27068 --- [order-service] [main] o.s.i.a.i.AmqpInboundChannelAdapter      : started bean 'inbound.springCloudBus.anonymous.ly6owkozQF2Bl4YK2Rb7_A'
2026-05-31T14:33:45.423+01:00  INFO 27068 --- [order-service] [main] o.s.boot.tomcat.TomcatWebServer          : Tomcat started on port 8083 (http) with context path '/'
2026-05-31T14:33:45.423+01:00  INFO 27068 --- [order-service] [main] .s.c.n.e.s.EurekaAutoServiceRegistration : Updating port to 8083
2026-05-31T14:33:46.591+01:00  INFO 27068 --- [order-service] [main] o.s.cloud.commons.util.InetUtils         : Cannot determine local hostname
2026-05-31T14:33:47.772+01:00  INFO 27068 --- [order-service] [main] o.s.cloud.commons.util.InetUtils         : Cannot determine local hostname
2026-05-31T14:33:47.825+01:00  INFO 27068 --- [order-service] [main] figuration$IntegrationJmxConfiguration$1 : Registering MessageChannel rabbit-508748776.springCloudBusInput.errors
2026-05-31T14:33:47.844+01:00  INFO 27068 --- [order-service] [main] c.e.order.OrderServiceApplication        : Started OrderServiceApplication in 19.52 seconds (process running for 21.418)
2026-05-31T14:33:47.859+01:00  WARN 27068 --- [order-service] [main] o.s.core.events.SpringDocAppInitializer  : SpringDoc /v3/api-docs endpoint is enabled by default. To disable it in production, set the property 'springdoc.api-docs.enabled=false'
2026-05-31T14:33:47.860+01:00  WARN 27068 --- [order-service] [main] o.s.core.events.SpringDocAppInitializer  : SpringDoc /swagger-ui.html endpoint is enabled by default. To disable it in production, set the property 'springdoc.swagger-ui.enabled=false'
2026-05-31T14:33:48.458+01:00  INFO 27068 --- [order-service] [RMI TCP Connection(2)-192.168.1.22] o.a.c.c.C.[Tomcat].[localhost].[/]       : Initializing Spring DispatcherServlet 'dispatcherServlet'
2026-05-31T14:33:48.459+01:00  INFO 27068 --- [order-service] [RMI TCP Connection(2)-192.168.1.22] o.s.web.servlet.DispatcherServlet        : Initializing Servlet 'dispatcherServlet'
2026-05-31T14:33:48.464+01:00  INFO 27068 --- [order-service] [RMI TCP Connection(2)-192.168.1.22] o.s.web.servlet.DispatcherServlet        : Completed initialization in 5 ms
2026-05-31T14:38:44.871+01:00  INFO 27068 --- [order-service] [AsyncResolver-bootstrap-executor-%d] c.n.d.s.r.aws.ConfigClusterResolver      : Resolving eureka endpoints via configuration
2026-05-31T14:43:44.873+01:00  INFO 27068 --- [order-service] [AsyncResolver-bootstrap-executor-%d] c.n.d.s.r.aws.ConfigClusterResolver      : Resolving eureka endpoints via configuration
2026-05-31T14:48:44.877+01:00  INFO 27068 --- [order-service] [AsyncResolver-bootstrap-executor-%d] c.n.d.s.r.aws.ConfigClusterResolver      : Resolving eureka endpoints via configuration
2026-05-31T14:53:44.886+01:00  INFO 27068 --- [order-service] [AsyncResolver-bootstrap-executor-%d] c.n.d.s.r.aws.ConfigClusterResolver      : Resolving eureka endpoints via configuration
2026-05-31T14:58:44.896+01:00  INFO 27068 --- [order-service] [AsyncResolver-bootstrap-executor-%d] c.n.d.s.r.aws.ConfigClusterResolver      : Resolving eureka endpoints via configuration
2026-05-31T15:03:44.899+01:00  INFO 27068 --- [order-service] [AsyncResolver-bootstrap-executor-%d] c.n.d.s.r.aws.ConfigClusterResolver      : Resolving eureka endpoints via configuration
2026-05-31T15:08:44.913+01:00  INFO 27068 --- [order-service] [AsyncResolver-bootstrap-executor-%d] c.n.d.s.r.aws.ConfigClusterResolver      : Resolving eureka endpoints via configuration
2026-05-31T15:13:44.926+01:00  INFO 27068 --- [order-service] [AsyncResolver-bootstrap-executor-%d] c.n.d.s.r.aws.ConfigClusterResolver      : Resolving eureka endpoints via configuration
2026-05-31T15:15:47.517+01:00  INFO 27068 --- [order-service] [DiscoveryClient-HeartbeatExecutor-%d] com.netflix.discovery.DiscoveryClient    : DiscoveryClient_ORDER-SERVICE/localhost:order-service:8083 - Re-registering apps/ORDER-SERVICE
2026-05-31T15:15:47.520+01:00  INFO 27068 --- [order-service] [DiscoveryClient-HeartbeatExecutor-%d] com.netflix.discovery.DiscoveryClient    : DiscoveryClient_ORDER-SERVICE/localhost:order-service:8083: registering service...
2026-05-31T15:15:47.628+01:00  INFO 27068 --- [order-service] [DiscoveryClient-HeartbeatExecutor-%d] com.netflix.discovery.DiscoveryClient    : DiscoveryClient_ORDER-SERVICE/localhost:order-service:8083 - registration status: 204
2026-05-31T15:16:17.489+01:00  INFO 27068 --- [order-service] [DiscoveryClient-CacheRefreshExecutor-%d] com.netflix.discovery.DiscoveryClient    : Disable delta property : false
2026-05-31T15:16:17.489+01:00  INFO 27068 --- [order-service] [DiscoveryClient-CacheRefreshExecutor-%d] com.netflix.discovery.DiscoveryClient    : Single vip registry refresh property : null
2026-05-31T15:16:17.489+01:00  INFO 27068 --- [order-service] [DiscoveryClient-CacheRefreshExecutor-%d] com.netflix.discovery.DiscoveryClient    : Force full registry fetch : false
2026-05-31T15:16:17.489+01:00  INFO 27068 --- [order-service] [DiscoveryClient-CacheRefreshExecutor-%d] com.netflix.discovery.DiscoveryClient    : Application is null : false
2026-05-31T15:16:17.489+01:00  INFO 27068 --- [order-service] [DiscoveryClient-CacheRefreshExecutor-%d] com.netflix.discovery.DiscoveryClient    : Registered Applications size is zero : true
2026-05-31T15:16:17.489+01:00  INFO 27068 --- [order-service] [DiscoveryClient-CacheRefreshExecutor-%d] com.netflix.discovery.DiscoveryClient    : Application version is -1: false
2026-05-31T15:16:17.489+01:00  INFO 27068 --- [order-service] [DiscoveryClient-CacheRefreshExecutor-%d] com.netflix.discovery.DiscoveryClient    : Getting all instance registry info from the eureka server
2026-05-31T15:16:17.514+01:00  INFO 27068 --- [order-service] [DiscoveryClient-CacheRefreshExecutor-%d] com.netflix.discovery.DiscoveryClient    : The response status is 200
2026-05-31T15:17:04.298+01:00  INFO 27068 --- [order-service] [SpringApplicationShutdownHook] o.s.c.n.e.s.EurekaServiceRegistry        : Unregistering application ORDER-SERVICE with eureka with status DOWN
2026-05-31T15:17:04.309+01:00  INFO 27068 --- [order-service] [SpringApplicationShutdownHook] com.netflix.discovery.DiscoveryClient    : Saw local status change event StatusChangeEvent [timestamp=1780237024309, current=DOWN, previous=UP]
2026-05-31T15:17:04.329+01:00  INFO 27068 --- [order-service] [DiscoveryClient-InstanceInfoReplicator-%d] com.netflix.discovery.DiscoveryClient    : DiscoveryClient_ORDER-SERVICE/localhost:order-service:8083: registering service...
2026-05-31T15:17:04.383+01:00  INFO 27068 --- [order-service] [DiscoveryClient-InstanceInfoReplicator-%d] com.netflix.discovery.DiscoveryClient    : DiscoveryClient_ORDER-SERVICE/localhost:order-service:8083 - registration status: 204
2026-05-31T15:17:05.292+01:00  INFO 27068 --- [order-service] [SpringApplicationShutdownHook] o.s.boot.tomcat.GracefulShutdown         : Commencing graceful shutdown. Waiting for active requests to complete
2026-05-31T15:17:05.649+01:00  INFO 27068 --- [order-service] [tomcat-shutdown] o.s.boot.tomcat.GracefulShutdown         : Graceful shutdown complete
2026-05-31T15:17:05.686+01:00  INFO 27068 --- [order-service] [SpringApplicationShutdownHook] o.s.a.r.l.SimpleMessageListenerContainer : Waiting for workers to finish.
2026-05-31T15:17:06.264+01:00  INFO 27068 --- [order-service] [SpringApplicationShutdownHook] o.s.a.r.l.SimpleMessageListenerContainer : Successfully waited for workers to finish.
2026-05-31T15:17:06.269+01:00  INFO 27068 --- [order-service] [SpringApplicationShutdownHook] o.s.i.a.i.AmqpInboundChannelAdapter      : stopped bean 'inbound.springCloudBus.anonymous.ly6owkozQF2Bl4YK2Rb7_A'
2026-05-31T15:17:06.302+01:00  INFO 27068 --- [order-service] [SpringApplicationShutdownHook] o.s.c.stream.binder.BinderErrorChannel   : Channel 'order-service.rabbit-508748776.springCloudBusInput.errors' has 1 subscriber(s).
2026-05-31T15:17:06.306+01:00  INFO 27068 --- [order-service] [SpringApplicationShutdownHook] o.s.c.stream.binder.BinderErrorChannel   : Channel 'order-service.rabbit-508748776.springCloudBusInput.errors' has 0 subscriber(s).
2026-05-31T15:17:06.375+01:00  INFO 27068 --- [order-service] [SpringApplicationShutdownHook] o.s.i.endpoint.EventDrivenConsumer       : Removing {logging-channel-adapter:_org.springframework.integration.errorLogger} as a subscriber to the 'errorChannel' channel
2026-05-31T15:17:06.375+01:00  INFO 27068 --- [order-service] [SpringApplicationShutdownHook] o.s.i.channel.PublishSubscribeChannel    : Channel 'order-service.errorChannel' has 0 subscriber(s).
2026-05-31T15:17:06.376+01:00  INFO 27068 --- [order-service] [SpringApplicationShutdownHook] o.s.i.endpoint.EventDrivenConsumer       : stopped bean '_org.springframework.integration.errorLogger'
2026-05-31T15:17:06.405+01:00  INFO 27068 --- [order-service] [SpringApplicationShutdownHook] j.LocalContainerEntityManagerFactoryBean : Closing JPA EntityManagerFactory for persistence unit 'default'
2026-05-31T15:17:06.425+01:00  INFO 27068 --- [order-service] [SpringApplicationShutdownHook] com.zaxxer.hikari.HikariDataSource       : MyHikariCP - Shutdown initiated...
2026-05-31T15:17:06.430+01:00  INFO 27068 --- [order-service] [SpringApplicationShutdownHook] com.zaxxer.hikari.HikariDataSource       : MyHikariCP - Shutdown completed.
2026-05-31T15:17:06.433+01:00  INFO 27068 --- [order-service] [SpringApplicationShutdownHook] com.netflix.discovery.DiscoveryClient    : Shutting down DiscoveryClient ...
2026-05-31T15:17:09.444+01:00  INFO 27068 --- [order-service] [SpringApplicationShutdownHook] com.netflix.discovery.DiscoveryClient    : Unregistering ...
2026-05-31T15:17:09.462+01:00  INFO 27068 --- [order-service] [SpringApplicationShutdownHook] com.netflix.discovery.DiscoveryClient    : DiscoveryClient_ORDER-SERVICE/localhost:order-service:8083 - deregister  status: 200
2026-05-31T15:17:09.463+01:00  INFO 27068 --- [order-service] [SpringApplicationShutdownHook] com.netflix.discovery.DiscoveryClient    : Completed shut down of DiscoveryClient
2026-05-31T15:17:19.239+01:00  INFO 12212 --- [order-service] [main] c.e.order.OrderServiceApplication        : Starting OrderServiceApplication using Java 17.0.12 with PID 12212 (D:\Dublin\Interview Prep\Microservices\E-Commerce-Microservices-App\order\target\classes started by musta in D:\Dublin\Interview Prep\Microservices\E-Commerce-Microservices-App)
2026-05-31T15:17:19.241+01:00  INFO 12212 --- [order-service] [main] c.e.order.OrderServiceApplication        : The following 1 profile is active: "order-service"
2026-05-31T15:17:19.315+01:00  INFO 12212 --- [order-service] [main] o.s.c.c.c.ConfigServerConfigDataLoader   : Fetching config from server at : http://localhost:8888
2026-05-31T15:17:19.315+01:00  INFO 12212 --- [order-service] [main] o.s.c.c.c.ConfigServerConfigDataLoader   : Located environment: name=order-service, profiles=[default], label=null, version=null, state=null
2026-05-31T15:17:19.316+01:00  INFO 12212 --- [order-service] [main] o.s.c.c.c.ConfigServerConfigDataLoader   : Fetching config from server at : http://localhost:8888
2026-05-31T15:17:19.316+01:00  INFO 12212 --- [order-service] [main] o.s.c.c.c.ConfigServerConfigDataLoader   : Located environment: name=order-service, profiles=[order-service], label=null, version=null, state=null
2026-05-31T15:17:22.419+01:00  INFO 12212 --- [order-service] [main] .s.d.r.c.RepositoryConfigurationDelegate : Bootstrapping Spring Data JPA repositories in DEFAULT mode.
2026-05-31T15:17:22.645+01:00  INFO 12212 --- [order-service] [main] .s.d.r.c.RepositoryConfigurationDelegate : Finished Spring Data repository scanning in 214 ms. Found 2 JPA repository interfaces.
2026-05-31T15:17:24.110+01:00  INFO 12212 --- [order-service] [main] faultConfiguringBeanFactoryPostProcessor : No bean named 'errorChannel' has been explicitly defined. Therefore, a default PublishSubscribeChannel will be created.
2026-05-31T15:17:24.127+01:00  INFO 12212 --- [order-service] [main] faultConfiguringBeanFactoryPostProcessor : No bean named 'integrationHeaderChannelRegistry' has been explicitly defined. Therefore, a default DefaultHeaderChannelRegistry will be created.
2026-05-31T15:17:24.374+01:00  INFO 12212 --- [order-service] [main] o.s.cloud.context.scope.GenericScope     : BeanFactory id=4d05585d-c34d-3df0-bc17-f7c4343e2fdc
2026-05-31T15:17:25.017+01:00  INFO 12212 --- [order-service] [main] o.s.boot.tomcat.TomcatWebServer          : Tomcat initialized with port 8083 (http)
2026-05-31T15:17:25.035+01:00  INFO 12212 --- [order-service] [main] o.apache.catalina.core.StandardService   : Starting service [Tomcat]
2026-05-31T15:17:25.035+01:00  INFO 12212 --- [order-service] [main] o.apache.catalina.core.StandardEngine    : Starting Servlet engine: [Apache Tomcat/11.0.15]
2026-05-31T15:17:25.134+01:00  INFO 12212 --- [order-service] [main] b.w.c.s.WebApplicationContextInitializer : Root WebApplicationContext: initialization completed in 5815 ms
2026-05-31T15:17:25.757+01:00  INFO 12212 --- [order-service] [main] org.hibernate.orm.jpa                    : HHH008540: Processing PersistenceUnitInfo [name: default]
2026-05-31T15:17:25.891+01:00  INFO 12212 --- [order-service] [main] org.hibernate.orm.core                   : HHH000001: Hibernate ORM core version 7.2.0.Final
2026-05-31T15:17:26.763+01:00  INFO 12212 --- [order-service] [main] o.s.o.j.p.SpringPersistenceUnitInfo      : No LoadTimeWeaver setup: ignoring JPA class transformer
2026-05-31T15:17:26.880+01:00  INFO 12212 --- [order-service] [main] com.zaxxer.hikari.HikariDataSource       : MyHikariCP - Starting...
2026-05-31T15:17:27.274+01:00  INFO 12212 --- [order-service] [main] com.zaxxer.hikari.pool.HikariPool        : MyHikariCP - Added connection com.mysql.cj.jdbc.ConnectionImpl@4136638d
2026-05-31T15:17:27.277+01:00  INFO 12212 --- [order-service] [main] com.zaxxer.hikari.HikariDataSource       : MyHikariCP - Start completed.
2026-05-31T15:17:27.525+01:00  WARN 12212 --- [order-service] [main] org.hibernate.orm.deprecation            : HHH90000025: MySQLDialect does not need to be specified explicitly using 'hibernate.dialect' (remove the property setting and it will be selected by default)
2026-05-31T15:17:27.578+01:00  INFO 12212 --- [order-service] [main] org.hibernate.orm.connections.pooling    : HHH10001005: Database info:
	Database JDBC URL [jdbc:mysql://localhost:3309/ecomapp_order_service?useSSL=false&allowPublicKeyRetrieval=true&serverTimezone=UTC]
	Database driver: MySQL Connector/J
	Database dialect: MySQLDialect
	Database version: 8.0.44
	Default catalog/schema: ecomapp_order_service/undefined
	Autocommit mode: undefined/unknown
	Isolation level: REPEATABLE_READ [default REPEATABLE_READ]
	JDBC fetch size: none
	Pool: DataSourceConnectionProvider
	Minimum pool size: undefined/unknown
	Maximum pool size: undefined/unknown
2026-05-31T15:17:29.390+01:00  INFO 12212 --- [order-service] [main] org.hibernate.orm.core                   : HHH000489: No JTA platform available (set 'hibernate.transaction.jta.platform' to enable JTA platform integration)
2026-05-31T15:17:30.006+01:00  INFO 12212 --- [order-service] [main] j.LocalContainerEntityManagerFactoryBean : Initialized JPA EntityManagerFactory for persistence unit 'default'
2026-05-31T15:17:30.119+01:00  INFO 12212 --- [order-service] [main] o.s.d.j.r.query.QueryEnhancerFactories   : Hibernate is in classpath; If applicable, HQL parser will be used.
2026-05-31T15:17:30.894+01:00  WARN 12212 --- [order-service] [main] JpaBaseConfiguration$JpaWebConfiguration : spring.jpa.open-in-view is enabled by default. Therefore, database queries may be performed during view rendering. Explicitly configure spring.jpa.open-in-view to disable this warning
2026-05-31T15:17:31.637+01:00  INFO 12212 --- [order-service] [main] o.s.c.s.m.DirectWithAttributesChannel    : Channel 'order-service.springCloudBusInput' has 1 subscriber(s).
2026-05-31T15:17:33.168+01:00  INFO 12212 --- [order-service] [main] o.s.cloud.commons.util.InetUtils         : Cannot determine local hostname
2026-05-31T15:17:34.510+01:00  INFO 12212 --- [order-service] [main] o.s.cloud.commons.util.InetUtils         : Cannot determine local hostname
2026-05-31T15:17:36.433+01:00  INFO 12212 --- [order-service] [main] o.s.cloud.commons.util.InetUtils         : Cannot determine local hostname
2026-05-31T15:17:36.452+01:00  INFO 12212 --- [order-service] [main] DiscoveryClientOptionalArgsConfiguration : Eureka HTTP Client uses RestClient.
2026-05-31T15:17:36.510+01:00  WARN 12212 --- [order-service] [main] iguration$LoadBalancerCaffeineWarnLogger : Spring Cloud LoadBalancer is currently working with the default cache. While this cache implementation is useful for development and tests, it's recommended to use Caffeine cache in production.You can switch to using Caffeine cache, by adding it and org.springframework.cache.caffeine.CaffeineCacheManager to the classpath.
2026-05-31T15:17:36.520+01:00  INFO 12212 --- [order-service] [main] o.s.b.a.e.web.EndpointLinksResolver      : Exposing 25 endpoints beneath base path '/actuator'
2026-05-31T15:17:36.761+01:00  INFO 12212 --- [order-service] [main] figuration$IntegrationJmxConfiguration$1 : Registering MessageChannel errorChannel
2026-05-31T15:17:36.769+01:00  INFO 12212 --- [order-service] [main] figuration$IntegrationJmxConfiguration$1 : Registering MessageChannel springCloudBusInput
2026-05-31T15:17:36.776+01:00  INFO 12212 --- [order-service] [main] figuration$IntegrationJmxConfiguration$1 : Registering MessageChannel nullChannel
2026-05-31T15:17:36.783+01:00  INFO 12212 --- [order-service] [main] figuration$IntegrationJmxConfiguration$1 : Registering MessageHandler _org.springframework.integration.errorLogger
2026-05-31T15:17:36.808+01:00  INFO 12212 --- [order-service] [main] o.s.i.endpoint.EventDrivenConsumer       : Adding {logging-channel-adapter:_org.springframework.integration.errorLogger} as a subscriber to the 'errorChannel' channel
2026-05-31T15:17:36.809+01:00  INFO 12212 --- [order-service] [main] o.s.i.channel.PublishSubscribeChannel    : Channel 'order-service.errorChannel' has 1 subscriber(s).
2026-05-31T15:17:36.809+01:00  INFO 12212 --- [order-service] [main] o.s.i.endpoint.EventDrivenConsumer       : started bean '_org.springframework.integration.errorLogger'
2026-05-31T15:17:36.847+01:00  INFO 12212 --- [order-service] [main] o.s.c.n.eureka.InstanceInfoFactory       : Setting initial instance status as: STARTING
2026-05-31T15:17:36.892+01:00  INFO 12212 --- [order-service] [main] com.netflix.discovery.DiscoveryClient    : Initializing Eureka in region us-east-1
2026-05-31T15:17:36.896+01:00  INFO 12212 --- [order-service] [main] c.n.d.s.r.aws.ConfigClusterResolver      : Resolving eureka endpoints via configuration
2026-05-31T15:17:36.911+01:00  INFO 12212 --- [order-service] [main] com.netflix.discovery.DiscoveryClient    : Disable delta property : false
2026-05-31T15:17:36.911+01:00  INFO 12212 --- [order-service] [main] com.netflix.discovery.DiscoveryClient    : Single vip registry refresh property : null
2026-05-31T15:17:36.912+01:00  INFO 12212 --- [order-service] [main] com.netflix.discovery.DiscoveryClient    : Force full registry fetch : false
2026-05-31T15:17:36.912+01:00  INFO 12212 --- [order-service] [main] com.netflix.discovery.DiscoveryClient    : Application is null : false
2026-05-31T15:17:36.912+01:00  INFO 12212 --- [order-service] [main] com.netflix.discovery.DiscoveryClient    : Registered Applications size is zero : true
2026-05-31T15:17:36.912+01:00  INFO 12212 --- [order-service] [main] com.netflix.discovery.DiscoveryClient    : Application version is -1: true
2026-05-31T15:17:36.912+01:00  INFO 12212 --- [order-service] [main] com.netflix.discovery.DiscoveryClient    : Getting all instance registry info from the eureka server
2026-05-31T15:17:37.120+01:00  INFO 12212 --- [order-service] [main] com.netflix.discovery.DiscoveryClient    : The response status is 200
2026-05-31T15:17:37.123+01:00  INFO 12212 --- [order-service] [main] com.netflix.discovery.DiscoveryClient    : Starting heartbeat executor: renew interval is: 30
2026-05-31T15:17:37.126+01:00  INFO 12212 --- [order-service] [main] c.n.discovery.InstanceInfoReplicator     : InstanceInfoReplicator onDemand update allowed rate per min is 4
2026-05-31T15:17:37.128+01:00  INFO 12212 --- [order-service] [main] com.netflix.discovery.DiscoveryClient    : Discovery Client initialized at timestamp 1780237057128 with initial instances count: 1
2026-05-31T15:17:37.133+01:00  INFO 12212 --- [order-service] [main] o.s.c.n.e.s.EurekaServiceRegistry        : Registering application ORDER-SERVICE with eureka with status UP
2026-05-31T15:17:37.134+01:00  INFO 12212 --- [order-service] [main] com.netflix.discovery.DiscoveryClient    : Saw local status change event StatusChangeEvent [timestamp=1780237057134, current=UP, previous=STARTING]
2026-05-31T15:17:37.136+01:00  INFO 12212 --- [order-service] [DiscoveryClient-InstanceInfoReplicator-%d] com.netflix.discovery.DiscoveryClient    : DiscoveryClient_ORDER-SERVICE/localhost:order-service:8083: registering service...
2026-05-31T15:17:37.137+01:00  INFO 12212 --- [order-service] [main] o.s.c.s.binder.DefaultBinderFactory      : Creating binder: rabbit
2026-05-31T15:17:37.137+01:00  INFO 12212 --- [order-service] [main] o.s.c.s.binder.DefaultBinderFactory      : Constructing binder child context for rabbit
2026-05-31T15:17:37.196+01:00  INFO 12212 --- [order-service] [DiscoveryClient-InstanceInfoReplicator-%d] com.netflix.discovery.DiscoveryClient    : DiscoveryClient_ORDER-SERVICE/localhost:order-service:8083 - registration status: 204
2026-05-31T15:17:37.250+01:00  INFO 12212 --- [order-service] [main] o.s.c.s.binder.DefaultBinderFactory      : Caching the binder: rabbit
2026-05-31T15:17:37.264+01:00  INFO 12212 --- [order-service] [main] c.s.b.r.p.RabbitExchangeQueueProvisioner : declaring queue for inbound: springCloudBus.anonymous.5yjT4JHrTki6e1KNeQ9aSg, bound to: springCloudBus
2026-05-31T15:17:37.271+01:00  INFO 12212 --- [order-service] [main] o.s.a.r.c.CachingConnectionFactory       : Attempting to connect to: [localhost:5672]
2026-05-31T15:17:37.357+01:00  INFO 12212 --- [order-service] [main] o.s.a.r.c.CachingConnectionFactory       : Created new connection: rabbitConnectionFactory#772ce28e:0/SimpleConnection@1d6f523 [delegate=amqp://guest@127.0.0.1:5672/, localPort=57787]
2026-05-31T15:17:37.430+01:00  INFO 12212 --- [order-service] [main] o.s.c.stream.binder.BinderErrorChannel   : Channel 'rabbit-1432273219.springCloudBusInput.errors' has 1 subscriber(s).
2026-05-31T15:17:37.431+01:00  INFO 12212 --- [order-service] [main] o.s.c.stream.binder.BinderErrorChannel   : Channel 'rabbit-1432273219.springCloudBusInput.errors' has 2 subscriber(s).
2026-05-31T15:17:37.454+01:00  INFO 12212 --- [order-service] [main] o.s.i.a.i.AmqpInboundChannelAdapter      : started bean 'inbound.springCloudBus.anonymous.5yjT4JHrTki6e1KNeQ9aSg'
2026-05-31T15:17:37.480+01:00  INFO 12212 --- [order-service] [main] o.s.boot.tomcat.TomcatWebServer          : Tomcat started on port 8083 (http) with context path '/'
2026-05-31T15:17:37.481+01:00  INFO 12212 --- [order-service] [main] .s.c.n.e.s.EurekaAutoServiceRegistration : Updating port to 8083
2026-05-31T15:17:38.680+01:00  INFO 12212 --- [order-service] [main] o.s.cloud.commons.util.InetUtils         : Cannot determine local hostname
2026-05-31T15:17:39.793+01:00  INFO 12212 --- [order-service] [http-nio-8083-exec-1] o.a.c.c.C.[Tomcat].[localhost].[/]       : Initializing Spring DispatcherServlet 'dispatcherServlet'
2026-05-31T15:17:39.793+01:00  INFO 12212 --- [order-service] [http-nio-8083-exec-1] o.s.web.servlet.DispatcherServlet        : Initializing Servlet 'dispatcherServlet'
2026-05-31T15:17:39.797+01:00  INFO 12212 --- [order-service] [http-nio-8083-exec-1] o.s.web.servlet.DispatcherServlet        : Completed initialization in 4 ms
2026-05-31T15:17:39.903+01:00  INFO 12212 --- [order-service] [main] o.s.cloud.commons.util.InetUtils         : Cannot determine local hostname
2026-05-31T15:17:39.944+01:00  INFO 12212 --- [order-service] [main] figuration$IntegrationJmxConfiguration$1 : Registering MessageChannel rabbit-1432273219.springCloudBusInput.errors
2026-05-31T15:17:39.967+01:00  INFO 12212 --- [order-service] [main] c.e.order.OrderServiceApplication        : Started OrderServiceApplication in 23.297 seconds (process running for 24.559)
2026-05-31T15:17:39.979+01:00  WARN 12212 --- [order-service] [main] o.s.core.events.SpringDocAppInitializer  : SpringDoc /v3/api-docs endpoint is enabled by default. To disable it in production, set the property 'springdoc.api-docs.enabled=false'
2026-05-31T15:17:39.979+01:00  WARN 12212 --- [order-service] [main] o.s.core.events.SpringDocAppInitializer  : SpringDoc /swagger-ui.html endpoint is enabled by default. To disable it in production, set the property 'springdoc.swagger-ui.enabled=false'
2026-05-31T15:22:36.921+01:00  INFO 12212 --- [order-service] [AsyncResolver-bootstrap-executor-%d] c.n.d.s.r.aws.ConfigClusterResolver      : Resolving eureka endpoints via configuration
2026-05-31T15:27:36.924+01:00  INFO 12212 --- [order-service] [AsyncResolver-bootstrap-executor-%d] c.n.d.s.r.aws.ConfigClusterResolver      : Resolving eureka endpoints via configuration
2026-05-31T15:32:36.937+01:00  INFO 12212 --- [order-service] [AsyncResolver-bootstrap-executor-%d] c.n.d.s.r.aws.ConfigClusterResolver      : Resolving eureka endpoints via configuration
2026-05-31T15:37:36.946+01:00  INFO 12212 --- [order-service] [AsyncResolver-bootstrap-executor-%d] c.n.d.s.r.aws.ConfigClusterResolver      : Resolving eureka endpoints via configuration
2026-05-31T15:39:08.544+01:00  INFO 12212 --- [order-service] [DiscoveryClient-HeartbeatExecutor-%d] com.netflix.discovery.DiscoveryClient    : DiscoveryClient_ORDER-SERVICE/localhost:order-service:8083 - Re-registering apps/ORDER-SERVICE
2026-05-31T15:39:08.544+01:00  INFO 12212 --- [order-service] [DiscoveryClient-HeartbeatExecutor-%d] com.netflix.discovery.DiscoveryClient    : DiscoveryClient_ORDER-SERVICE/localhost:order-service:8083: registering service...
2026-05-31T15:39:08.669+01:00  INFO 12212 --- [order-service] [DiscoveryClient-HeartbeatExecutor-%d] com.netflix.discovery.DiscoveryClient    : DiscoveryClient_ORDER-SERVICE/localhost:order-service:8083 - registration status: 204
2026-05-31T15:39:31.469+01:00  INFO 12212 --- [order-service] [SpringApplicationShutdownHook] o.s.c.n.e.s.EurekaServiceRegistry        : Unregistering application ORDER-SERVICE with eureka with status DOWN
2026-05-31T15:39:31.470+01:00  INFO 12212 --- [order-service] [SpringApplicationShutdownHook] com.netflix.discovery.DiscoveryClient    : Saw local status change event StatusChangeEvent [timestamp=1780238371470, current=DOWN, previous=UP]
2026-05-31T15:39:31.470+01:00  INFO 12212 --- [order-service] [DiscoveryClient-InstanceInfoReplicator-%d] com.netflix.discovery.DiscoveryClient    : DiscoveryClient_ORDER-SERVICE/localhost:order-service:8083: registering service...
2026-05-31T15:39:31.493+01:00  INFO 12212 --- [order-service] [DiscoveryClient-InstanceInfoReplicator-%d] com.netflix.discovery.DiscoveryClient    : DiscoveryClient_ORDER-SERVICE/localhost:order-service:8083 - registration status: 204
2026-05-31T15:39:31.506+01:00  INFO 12212 --- [order-service] [SpringApplicationShutdownHook] o.s.boot.tomcat.GracefulShutdown         : Commencing graceful shutdown. Waiting for active requests to complete
2026-05-31T15:39:31.916+01:00  INFO 12212 --- [order-service] [tomcat-shutdown] o.s.boot.tomcat.GracefulShutdown         : Graceful shutdown complete
2026-05-31T15:39:31.964+01:00  INFO 12212 --- [order-service] [SpringApplicationShutdownHook] o.s.a.r.l.SimpleMessageListenerContainer : Waiting for workers to finish.
2026-05-31T15:39:32.276+01:00  INFO 12212 --- [order-service] [SpringApplicationShutdownHook] o.s.a.r.l.SimpleMessageListenerContainer : Successfully waited for workers to finish.
2026-05-31T15:39:32.279+01:00  INFO 12212 --- [order-service] [SpringApplicationShutdownHook] o.s.i.a.i.AmqpInboundChannelAdapter      : stopped bean 'inbound.springCloudBus.anonymous.5yjT4JHrTki6e1KNeQ9aSg'
2026-05-31T15:39:32.293+01:00  INFO 12212 --- [order-service] [SpringApplicationShutdownHook] o.s.c.stream.binder.BinderErrorChannel   : Channel 'order-service.rabbit-1432273219.springCloudBusInput.errors' has 1 subscriber(s).
2026-05-31T15:39:32.298+01:00  INFO 12212 --- [order-service] [SpringApplicationShutdownHook] o.s.c.stream.binder.BinderErrorChannel   : Channel 'order-service.rabbit-1432273219.springCloudBusInput.errors' has 0 subscriber(s).
2026-05-31T15:39:32.376+01:00  INFO 12212 --- [order-service] [SpringApplicationShutdownHook] o.s.i.endpoint.EventDrivenConsumer       : Removing {logging-channel-adapter:_org.springframework.integration.errorLogger} as a subscriber to the 'errorChannel' channel
2026-05-31T15:39:32.377+01:00  INFO 12212 --- [order-service] [SpringApplicationShutdownHook] o.s.i.channel.PublishSubscribeChannel    : Channel 'order-service.errorChannel' has 0 subscriber(s).
2026-05-31T15:39:32.377+01:00  INFO 12212 --- [order-service] [SpringApplicationShutdownHook] o.s.i.endpoint.EventDrivenConsumer       : stopped bean '_org.springframework.integration.errorLogger'
2026-05-31T15:39:32.401+01:00  INFO 12212 --- [order-service] [SpringApplicationShutdownHook] j.LocalContainerEntityManagerFactoryBean : Closing JPA EntityManagerFactory for persistence unit 'default'
2026-05-31T15:39:32.428+01:00  INFO 12212 --- [order-service] [SpringApplicationShutdownHook] com.zaxxer.hikari.HikariDataSource       : MyHikariCP - Shutdown initiated...
2026-05-31T15:39:32.457+01:00  INFO 12212 --- [order-service] [SpringApplicationShutdownHook] com.zaxxer.hikari.HikariDataSource       : MyHikariCP - Shutdown completed.
2026-05-31T15:39:32.462+01:00  INFO 12212 --- [order-service] [SpringApplicationShutdownHook] com.netflix.discovery.DiscoveryClient    : Shutting down DiscoveryClient ...
2026-05-31T15:39:35.472+01:00  INFO 12212 --- [order-service] [SpringApplicationShutdownHook] com.netflix.discovery.DiscoveryClient    : Unregistering ...
2026-05-31T15:39:35.510+01:00  INFO 12212 --- [order-service] [SpringApplicationShutdownHook] com.netflix.discovery.DiscoveryClient    : DiscoveryClient_ORDER-SERVICE/localhost:order-service:8083 - deregister  status: 200
2026-05-31T15:39:35.510+01:00  INFO 12212 --- [order-service] [SpringApplicationShutdownHook] com.netflix.discovery.DiscoveryClient    : Completed shut down of DiscoveryClient
2026-05-31T15:39:43.459+01:00  INFO 21948 --- [order-service] [main] c.e.order.OrderServiceApplication        : Starting OrderServiceApplication using Java 17.0.12 with PID 21948 (D:\Dublin\Interview Prep\Microservices\E-Commerce-Microservices-App\order\target\classes started by musta in D:\Dublin\Interview Prep\Microservices\E-Commerce-Microservices-App)
2026-05-31T15:39:43.471+01:00  INFO 21948 --- [order-service] [main] c.e.order.OrderServiceApplication        : The following 1 profile is active: "order-service"
2026-05-31T15:39:43.537+01:00  INFO 21948 --- [order-service] [main] o.s.c.c.c.ConfigServerConfigDataLoader   : Fetching config from server at : http://localhost:8888
2026-05-31T15:39:43.538+01:00  INFO 21948 --- [order-service] [main] o.s.c.c.c.ConfigServerConfigDataLoader   : Located environment: name=order-service, profiles=[default], label=null, version=null, state=null
2026-05-31T15:39:43.539+01:00  INFO 21948 --- [order-service] [main] o.s.c.c.c.ConfigServerConfigDataLoader   : Fetching config from server at : http://localhost:8888
2026-05-31T15:39:43.540+01:00  INFO 21948 --- [order-service] [main] o.s.c.c.c.ConfigServerConfigDataLoader   : Located environment: name=order-service, profiles=[order-service], label=null, version=null, state=null
2026-05-31T15:39:45.988+01:00  INFO 21948 --- [order-service] [main] .s.d.r.c.RepositoryConfigurationDelegate : Bootstrapping Spring Data JPA repositories in DEFAULT mode.
2026-05-31T15:39:46.141+01:00  INFO 21948 --- [order-service] [main] .s.d.r.c.RepositoryConfigurationDelegate : Finished Spring Data repository scanning in 140 ms. Found 2 JPA repository interfaces.
2026-05-31T15:39:46.863+01:00  INFO 21948 --- [order-service] [main] faultConfiguringBeanFactoryPostProcessor : No bean named 'errorChannel' has been explicitly defined. Therefore, a default PublishSubscribeChannel will be created.
2026-05-31T15:39:46.872+01:00  INFO 21948 --- [order-service] [main] faultConfiguringBeanFactoryPostProcessor : No bean named 'integrationHeaderChannelRegistry' has been explicitly defined. Therefore, a default DefaultHeaderChannelRegistry will be created.
2026-05-31T15:39:47.018+01:00  INFO 21948 --- [order-service] [main] o.s.cloud.context.scope.GenericScope     : BeanFactory id=4d05585d-c34d-3df0-bc17-f7c4343e2fdc
2026-05-31T15:39:47.542+01:00  INFO 21948 --- [order-service] [main] o.s.boot.tomcat.TomcatWebServer          : Tomcat initialized with port 8083 (http)
2026-05-31T15:39:47.559+01:00  INFO 21948 --- [order-service] [main] o.apache.catalina.core.StandardService   : Starting service [Tomcat]
2026-05-31T15:39:47.559+01:00  INFO 21948 --- [order-service] [main] o.apache.catalina.core.StandardEngine    : Starting Servlet engine: [Apache Tomcat/11.0.15]
2026-05-31T15:39:47.636+01:00  INFO 21948 --- [order-service] [main] b.w.c.s.WebApplicationContextInitializer : Root WebApplicationContext: initialization completed in 4093 ms
2026-05-31T15:39:48.016+01:00  INFO 21948 --- [order-service] [main] org.hibernate.orm.jpa                    : HHH008540: Processing PersistenceUnitInfo [name: default]
2026-05-31T15:39:48.103+01:00  INFO 21948 --- [order-service] [main] org.hibernate.orm.core                   : HHH000001: Hibernate ORM core version 7.2.0.Final
2026-05-31T15:39:48.662+01:00  INFO 21948 --- [order-service] [main] o.s.o.j.p.SpringPersistenceUnitInfo      : No LoadTimeWeaver setup: ignoring JPA class transformer
2026-05-31T15:39:48.725+01:00  INFO 21948 --- [order-service] [main] com.zaxxer.hikari.HikariDataSource       : MyHikariCP - Starting...
2026-05-31T15:39:49.025+01:00  INFO 21948 --- [order-service] [main] com.zaxxer.hikari.pool.HikariPool        : MyHikariCP - Added connection com.mysql.cj.jdbc.ConnectionImpl@4136638d
2026-05-31T15:39:49.026+01:00  INFO 21948 --- [order-service] [main] com.zaxxer.hikari.HikariDataSource       : MyHikariCP - Start completed.
2026-05-31T15:39:49.124+01:00  WARN 21948 --- [order-service] [main] org.hibernate.orm.deprecation            : HHH90000025: MySQLDialect does not need to be specified explicitly using 'hibernate.dialect' (remove the property setting and it will be selected by default)
2026-05-31T15:39:49.177+01:00  INFO 21948 --- [order-service] [main] org.hibernate.orm.connections.pooling    : HHH10001005: Database info:
	Database JDBC URL [jdbc:mysql://localhost:3309/ecomapp_order_service?useSSL=false&allowPublicKeyRetrieval=true&serverTimezone=UTC]
	Database driver: MySQL Connector/J
	Database dialect: MySQLDialect
	Database version: 8.0.44
	Default catalog/schema: ecomapp_order_service/undefined
	Autocommit mode: undefined/unknown
	Isolation level: REPEATABLE_READ [default REPEATABLE_READ]
	JDBC fetch size: none
	Pool: DataSourceConnectionProvider
	Minimum pool size: undefined/unknown
	Maximum pool size: undefined/unknown
2026-05-31T15:39:50.686+01:00  INFO 21948 --- [order-service] [main] org.hibernate.orm.core                   : HHH000489: No JTA platform available (set 'hibernate.transaction.jta.platform' to enable JTA platform integration)
2026-05-31T15:39:51.367+01:00  INFO 21948 --- [order-service] [main] j.LocalContainerEntityManagerFactoryBean : Initialized JPA EntityManagerFactory for persistence unit 'default'
2026-05-31T15:39:51.526+01:00  INFO 21948 --- [order-service] [main] o.s.d.j.r.query.QueryEnhancerFactories   : Hibernate is in classpath; If applicable, HQL parser will be used.
2026-05-31T15:39:52.418+01:00  WARN 21948 --- [order-service] [main] JpaBaseConfiguration$JpaWebConfiguration : spring.jpa.open-in-view is enabled by default. Therefore, database queries may be performed during view rendering. Explicitly configure spring.jpa.open-in-view to disable this warning
2026-05-31T15:39:53.215+01:00  INFO 21948 --- [order-service] [main] o.s.c.s.m.DirectWithAttributesChannel    : Channel 'order-service.springCloudBusInput' has 1 subscriber(s).
2026-05-31T15:39:54.922+01:00  INFO 21948 --- [order-service] [main] o.s.cloud.commons.util.InetUtils         : Cannot determine local hostname
2026-05-31T15:39:56.265+01:00  INFO 21948 --- [order-service] [main] o.s.cloud.commons.util.InetUtils         : Cannot determine local hostname
2026-05-31T15:39:58.102+01:00  INFO 21948 --- [order-service] [main] o.s.cloud.commons.util.InetUtils         : Cannot determine local hostname
2026-05-31T15:39:58.130+01:00  INFO 21948 --- [order-service] [main] DiscoveryClientOptionalArgsConfiguration : Eureka HTTP Client uses RestClient.
2026-05-31T15:39:58.191+01:00  WARN 21948 --- [order-service] [main] iguration$LoadBalancerCaffeineWarnLogger : Spring Cloud LoadBalancer is currently working with the default cache. While this cache implementation is useful for development and tests, it's recommended to use Caffeine cache in production.You can switch to using Caffeine cache, by adding it and org.springframework.cache.caffeine.CaffeineCacheManager to the classpath.
2026-05-31T15:39:58.201+01:00  INFO 21948 --- [order-service] [main] o.s.b.a.e.web.EndpointLinksResolver      : Exposing 25 endpoints beneath base path '/actuator'
2026-05-31T15:39:58.424+01:00  INFO 21948 --- [order-service] [main] figuration$IntegrationJmxConfiguration$1 : Registering MessageChannel errorChannel
2026-05-31T15:39:58.433+01:00  INFO 21948 --- [order-service] [main] figuration$IntegrationJmxConfiguration$1 : Registering MessageChannel springCloudBusInput
2026-05-31T15:39:58.440+01:00  INFO 21948 --- [order-service] [main] figuration$IntegrationJmxConfiguration$1 : Registering MessageChannel nullChannel
2026-05-31T15:39:58.450+01:00  INFO 21948 --- [order-service] [main] figuration$IntegrationJmxConfiguration$1 : Registering MessageHandler _org.springframework.integration.errorLogger
2026-05-31T15:39:58.468+01:00  INFO 21948 --- [order-service] [main] o.s.i.endpoint.EventDrivenConsumer       : Adding {logging-channel-adapter:_org.springframework.integration.errorLogger} as a subscriber to the 'errorChannel' channel
2026-05-31T15:39:58.469+01:00  INFO 21948 --- [order-service] [main] o.s.i.channel.PublishSubscribeChannel    : Channel 'order-service.errorChannel' has 1 subscriber(s).
2026-05-31T15:39:58.471+01:00  INFO 21948 --- [order-service] [main] o.s.i.endpoint.EventDrivenConsumer       : started bean '_org.springframework.integration.errorLogger'
2026-05-31T15:39:58.544+01:00  INFO 21948 --- [order-service] [main] o.s.c.n.eureka.InstanceInfoFactory       : Setting initial instance status as: STARTING
2026-05-31T15:39:58.591+01:00  INFO 21948 --- [order-service] [main] com.netflix.discovery.DiscoveryClient    : Initializing Eureka in region us-east-1
2026-05-31T15:39:58.596+01:00  INFO 21948 --- [order-service] [main] c.n.d.s.r.aws.ConfigClusterResolver      : Resolving eureka endpoints via configuration
2026-05-31T15:39:58.616+01:00  INFO 21948 --- [order-service] [main] com.netflix.discovery.DiscoveryClient    : Disable delta property : false
2026-05-31T15:39:58.616+01:00  INFO 21948 --- [order-service] [main] com.netflix.discovery.DiscoveryClient    : Single vip registry refresh property : null
2026-05-31T15:39:58.616+01:00  INFO 21948 --- [order-service] [main] com.netflix.discovery.DiscoveryClient    : Force full registry fetch : false
2026-05-31T15:39:58.616+01:00  INFO 21948 --- [order-service] [main] com.netflix.discovery.DiscoveryClient    : Application is null : false
2026-05-31T15:39:58.616+01:00  INFO 21948 --- [order-service] [main] com.netflix.discovery.DiscoveryClient    : Registered Applications size is zero : true
2026-05-31T15:39:58.616+01:00  INFO 21948 --- [order-service] [main] com.netflix.discovery.DiscoveryClient    : Application version is -1: true
2026-05-31T15:39:58.617+01:00  INFO 21948 --- [order-service] [main] com.netflix.discovery.DiscoveryClient    : Getting all instance registry info from the eureka server
2026-05-31T15:39:58.927+01:00  INFO 21948 --- [order-service] [main] com.netflix.discovery.DiscoveryClient    : The response status is 200
2026-05-31T15:39:58.932+01:00  INFO 21948 --- [order-service] [main] com.netflix.discovery.DiscoveryClient    : Starting heartbeat executor: renew interval is: 30
2026-05-31T15:39:58.935+01:00  INFO 21948 --- [order-service] [main] c.n.discovery.InstanceInfoReplicator     : InstanceInfoReplicator onDemand update allowed rate per min is 4
2026-05-31T15:39:58.939+01:00  INFO 21948 --- [order-service] [main] com.netflix.discovery.DiscoveryClient    : Discovery Client initialized at timestamp 1780238398939 with initial instances count: 2
2026-05-31T15:39:58.946+01:00  INFO 21948 --- [order-service] [main] o.s.c.n.e.s.EurekaServiceRegistry        : Registering application ORDER-SERVICE with eureka with status UP
2026-05-31T15:39:58.946+01:00  INFO 21948 --- [order-service] [main] com.netflix.discovery.DiscoveryClient    : Saw local status change event StatusChangeEvent [timestamp=1780238398946, current=UP, previous=STARTING]
2026-05-31T15:39:58.949+01:00  INFO 21948 --- [order-service] [DiscoveryClient-InstanceInfoReplicator-%d] com.netflix.discovery.DiscoveryClient    : DiscoveryClient_ORDER-SERVICE/localhost:order-service:8083: registering service...
2026-05-31T15:39:58.951+01:00  INFO 21948 --- [order-service] [main] o.s.c.s.binder.DefaultBinderFactory      : Creating binder: rabbit
2026-05-31T15:39:58.952+01:00  INFO 21948 --- [order-service] [main] o.s.c.s.binder.DefaultBinderFactory      : Constructing binder child context for rabbit
2026-05-31T15:39:59.023+01:00  INFO 21948 --- [order-service] [DiscoveryClient-InstanceInfoReplicator-%d] com.netflix.discovery.DiscoveryClient    : DiscoveryClient_ORDER-SERVICE/localhost:order-service:8083 - registration status: 204
2026-05-31T15:39:59.097+01:00  INFO 21948 --- [order-service] [main] o.s.c.s.binder.DefaultBinderFactory      : Caching the binder: rabbit
2026-05-31T15:39:59.119+01:00  INFO 21948 --- [order-service] [main] c.s.b.r.p.RabbitExchangeQueueProvisioner : declaring queue for inbound: springCloudBus.anonymous.FMEY_s3kSBWGwyXI08zfSg, bound to: springCloudBus
2026-05-31T15:39:59.149+01:00  INFO 21948 --- [order-service] [main] o.s.a.r.c.CachingConnectionFactory       : Attempting to connect to: [localhost:5672]
2026-05-31T15:39:59.285+01:00  INFO 21948 --- [order-service] [main] o.s.a.r.c.CachingConnectionFactory       : Created new connection: rabbitConnectionFactory#772ce28e:0/SimpleConnection@390e6f21 [delegate=amqp://guest@127.0.0.1:5672/, localPort=57086]
2026-05-31T15:39:59.368+01:00  INFO 21948 --- [order-service] [main] o.s.c.stream.binder.BinderErrorChannel   : Channel 'rabbit-645863242.springCloudBusInput.errors' has 1 subscriber(s).
2026-05-31T15:39:59.372+01:00  INFO 21948 --- [order-service] [main] o.s.c.stream.binder.BinderErrorChannel   : Channel 'rabbit-645863242.springCloudBusInput.errors' has 2 subscriber(s).
2026-05-31T15:39:59.408+01:00  INFO 21948 --- [order-service] [main] o.s.i.a.i.AmqpInboundChannelAdapter      : started bean 'inbound.springCloudBus.anonymous.FMEY_s3kSBWGwyXI08zfSg'
2026-05-31T15:39:59.443+01:00  INFO 21948 --- [order-service] [main] o.s.boot.tomcat.TomcatWebServer          : Tomcat started on port 8083 (http) with context path '/'
2026-05-31T15:39:59.445+01:00  INFO 21948 --- [order-service] [main] .s.c.n.e.s.EurekaAutoServiceRegistration : Updating port to 8083
2026-05-31T15:40:00.662+01:00  INFO 21948 --- [order-service] [main] o.s.cloud.commons.util.InetUtils         : Cannot determine local hostname
2026-05-31T15:40:00.703+01:00  INFO 21948 --- [order-service] [http-nio-8083-exec-1] o.a.c.c.C.[Tomcat].[localhost].[/]       : Initializing Spring DispatcherServlet 'dispatcherServlet'
2026-05-31T15:40:00.704+01:00  INFO 21948 --- [order-service] [http-nio-8083-exec-1] o.s.web.servlet.DispatcherServlet        : Initializing Servlet 'dispatcherServlet'
2026-05-31T15:40:00.714+01:00  INFO 21948 --- [order-service] [http-nio-8083-exec-1] o.s.web.servlet.DispatcherServlet        : Completed initialization in 9 ms
2026-05-31T15:40:01.820+01:00  INFO 21948 --- [order-service] [http-nio-8083-exec-1] figuration$IntegrationJmxConfiguration$1 : Registering MessageChannel rabbit-645863242.springCloudBusInput.errors
2026-05-31T15:40:02.028+01:00  INFO 21948 --- [order-service] [main] o.s.cloud.commons.util.InetUtils         : Cannot determine local hostname
2026-05-31T15:40:02.063+01:00  INFO 21948 --- [order-service] [main] c.e.order.OrderServiceApplication        : Started OrderServiceApplication in 21.907 seconds (process running for 23.649)
2026-05-31T15:40:02.075+01:00  WARN 21948 --- [order-service] [main] o.s.core.events.SpringDocAppInitializer  : SpringDoc /v3/api-docs endpoint is enabled by default. To disable it in production, set the property 'springdoc.api-docs.enabled=false'
2026-05-31T15:40:02.075+01:00  WARN 21948 --- [order-service] [main] o.s.core.events.SpringDocAppInitializer  : SpringDoc /swagger-ui.html endpoint is enabled by default. To disable it in production, set the property 'springdoc.swagger-ui.enabled=false'
2026-05-31T15:44:58.626+01:00  INFO 21948 --- [order-service] [AsyncResolver-bootstrap-executor-%d] c.n.d.s.r.aws.ConfigClusterResolver      : Resolving eureka endpoints via configuration
2026-05-31T15:49:58.628+01:00  INFO 21948 --- [order-service] [AsyncResolver-bootstrap-executor-%d] c.n.d.s.r.aws.ConfigClusterResolver      : Resolving eureka endpoints via configuration
2026-05-31T15:54:58.635+01:00  INFO 21948 --- [order-service] [AsyncResolver-bootstrap-executor-%d] c.n.d.s.r.aws.ConfigClusterResolver      : Resolving eureka endpoints via configuration
2026-05-31T15:59:58.645+01:00  INFO 21948 --- [order-service] [AsyncResolver-bootstrap-executor-%d] c.n.d.s.r.aws.ConfigClusterResolver      : Resolving eureka endpoints via configuration
2026-05-31T16:01:35.158+01:00  INFO 21948 --- [order-service] [SpringApplicationShutdownHook] o.s.c.n.e.s.EurekaServiceRegistry        : Unregistering application ORDER-SERVICE with eureka with status DOWN
2026-05-31T16:01:35.160+01:00  INFO 21948 --- [order-service] [SpringApplicationShutdownHook] com.netflix.discovery.DiscoveryClient    : Saw local status change event StatusChangeEvent [timestamp=1780239695160, current=DOWN, previous=UP]
2026-05-31T16:01:35.160+01:00  INFO 21948 --- [order-service] [DiscoveryClient-InstanceInfoReplicator-%d] com.netflix.discovery.DiscoveryClient    : DiscoveryClient_ORDER-SERVICE/localhost:order-service:8083: registering service...
2026-05-31T16:01:35.229+01:00  INFO 21948 --- [order-service] [SpringApplicationShutdownHook] o.s.boot.tomcat.GracefulShutdown         : Commencing graceful shutdown. Waiting for active requests to complete
2026-05-31T16:01:35.231+01:00  INFO 21948 --- [order-service] [DiscoveryClient-InstanceInfoReplicator-%d] com.netflix.discovery.DiscoveryClient    : DiscoveryClient_ORDER-SERVICE/localhost:order-service:8083 - registration status: 204
2026-05-31T16:01:35.991+01:00  INFO 21948 --- [order-service] [tomcat-shutdown] o.s.boot.tomcat.GracefulShutdown         : Graceful shutdown complete
2026-05-31T16:01:36.053+01:00  INFO 21948 --- [order-service] [SpringApplicationShutdownHook] o.s.a.r.l.SimpleMessageListenerContainer : Waiting for workers to finish.
2026-05-31T16:01:36.825+01:00  INFO 21948 --- [order-service] [SpringApplicationShutdownHook] o.s.a.r.l.SimpleMessageListenerContainer : Successfully waited for workers to finish.
2026-05-31T16:01:36.848+01:00  INFO 21948 --- [order-service] [SpringApplicationShutdownHook] o.s.i.a.i.AmqpInboundChannelAdapter      : stopped bean 'inbound.springCloudBus.anonymous.FMEY_s3kSBWGwyXI08zfSg'
2026-05-31T16:01:36.955+01:00  INFO 21948 --- [order-service] [SpringApplicationShutdownHook] o.s.c.stream.binder.BinderErrorChannel   : Channel 'order-service.rabbit-645863242.springCloudBusInput.errors' has 1 subscriber(s).
2026-05-31T16:01:37.030+01:00  INFO 21948 --- [order-service] [SpringApplicationShutdownHook] o.s.c.stream.binder.BinderErrorChannel   : Channel 'order-service.rabbit-645863242.springCloudBusInput.errors' has 0 subscriber(s).
2026-05-31T16:01:37.517+01:00  INFO 21948 --- [order-service] [SpringApplicationShutdownHook] o.s.i.endpoint.EventDrivenConsumer       : Removing {logging-channel-adapter:_org.springframework.integration.errorLogger} as a subscriber to the 'errorChannel' channel
2026-05-31T16:01:37.518+01:00  INFO 21948 --- [order-service] [SpringApplicationShutdownHook] o.s.i.channel.PublishSubscribeChannel    : Channel 'order-service.errorChannel' has 0 subscriber(s).
2026-05-31T16:01:37.519+01:00  INFO 21948 --- [order-service] [SpringApplicationShutdownHook] o.s.i.endpoint.EventDrivenConsumer       : stopped bean '_org.springframework.integration.errorLogger'
2026-05-31T16:01:37.601+01:00  INFO 21948 --- [order-service] [SpringApplicationShutdownHook] j.LocalContainerEntityManagerFactoryBean : Closing JPA EntityManagerFactory for persistence unit 'default'
2026-05-31T16:01:37.691+01:00  INFO 21948 --- [order-service] [SpringApplicationShutdownHook] com.zaxxer.hikari.HikariDataSource       : MyHikariCP - Shutdown initiated...
2026-05-31T16:01:37.845+01:00  INFO 21948 --- [order-service] [SpringApplicationShutdownHook] com.zaxxer.hikari.HikariDataSource       : MyHikariCP - Shutdown completed.
2026-05-31T16:01:37.861+01:00  INFO 21948 --- [order-service] [SpringApplicationShutdownHook] com.netflix.discovery.DiscoveryClient    : Shutting down DiscoveryClient ...
2026-05-31T16:01:40.872+01:00  INFO 21948 --- [order-service] [SpringApplicationShutdownHook] com.netflix.discovery.DiscoveryClient    : Unregistering ...
2026-05-31T16:01:40.941+01:00  INFO 21948 --- [order-service] [SpringApplicationShutdownHook] c.n.d.s.t.d.RedirectingEurekaHttpClient  : Request execution error. endpoint=DefaultEndpoint{ serviceUrl='http://localhost:8761/eureka/} exception=I/O error on DELETE request for "http://localhost:8761/eureka/apps/ORDER-SERVICE/localhost:order-service:8083": Connect to http://localhost:8761 failed: Connection refused: no further information stacktrace=org.springframework.web.client.ResourceAccessException: I/O error on DELETE request for "http://localhost:8761/eureka/apps/ORDER-SERVICE/localhost:order-service:8083": Connect to http://localhost:8761 failed: Connection refused: no further information
	at org.springframework.web.client.DefaultRestClient$DefaultRequestBodyUriSpec.createResourceAccessException(DefaultRestClient.java:763)
	at org.springframework.web.client.DefaultRestClient$DefaultRequestBodyUriSpec.exchangeInternal(DefaultRestClient.java:615)
	at org.springframework.web.client.DefaultRestClient$DefaultRequestBodyUriSpec.exchange(DefaultRestClient.java:567)
	at org.springframework.web.client.RestClient$RequestHeadersSpec.exchange(RestClient.java:750)
	at org.springframework.web.client.DefaultRestClient$DefaultResponseSpec.executeAndExtract(DefaultRestClient.java:896)
	at org.springframework.web.client.DefaultRestClient$DefaultResponseSpec.toBodilessEntity(DefaultRestClient.java:860)
	at org.springframework.cloud.netflix.eureka.http.RestClientEurekaHttpClient.cancel(RestClientEurekaHttpClient.java:73)
	at com.netflix.discovery.shared.transport.decorator.EurekaHttpClientDecorator$2.execute(EurekaHttpClientDecorator.java:74)
	at com.netflix.discovery.shared.transport.decorator.RedirectingEurekaHttpClient.execute(RedirectingEurekaHttpClient.java:91)
	at com.netflix.discovery.shared.transport.decorator.EurekaHttpClientDecorator.cancel(EurekaHttpClientDecorator.java:71)
	at com.netflix.discovery.shared.transport.decorator.EurekaHttpClientDecorator$2.execute(EurekaHttpClientDecorator.java:74)
	at com.netflix.discovery.shared.transport.decorator.RetryableEurekaHttpClient.execute(RetryableEurekaHttpClient.java:120)
	at com.netflix.discovery.shared.transport.decorator.EurekaHttpClientDecorator.cancel(EurekaHttpClientDecorator.java:71)
	at com.netflix.discovery.shared.transport.decorator.EurekaHttpClientDecorator$2.execute(EurekaHttpClientDecorator.java:74)
	at com.netflix.discovery.shared.transport.decorator.SessionedEurekaHttpClient.execute(SessionedEurekaHttpClient.java:76)
	at com.netflix.discovery.shared.transport.decorator.EurekaHttpClientDecorator.cancel(EurekaHttpClientDecorator.java:71)
	at com.netflix.discovery.DiscoveryClient.unregister(DiscoveryClient.java:919)
	at com.netflix.discovery.DiscoveryClient.shutdown(DiscoveryClient.java:900)
	at java.base/jdk.internal.reflect.NativeMethodAccessorImpl.invoke0(Native Method)
	at java.base/jdk.internal.reflect.NativeMethodAccessorImpl.invoke(NativeMethodAccessorImpl.java:77)
	at java.base/jdk.internal.reflect.DelegatingMethodAccessorImpl.invoke(DelegatingMethodAccessorImpl.java:43)
	at java.base/java.lang.reflect.Method.invoke(Method.java:568)
	at org.springframework.beans.factory.annotation.InitDestroyAnnotationBeanPostProcessor$LifecycleMethod.invoke(InitDestroyAnnotationBeanPostProcessor.java:453)
	at org.springframework.beans.factory.annotation.InitDestroyAnnotationBeanPostProcessor$LifecycleMetadata.invokeDestroyMethods(InitDestroyAnnotationBeanPostProcessor.java:411)
	at org.springframework.beans.factory.annotation.InitDestroyAnnotationBeanPostProcessor.postProcessBeforeDestruction(InitDestroyAnnotationBeanPostProcessor.java:237)
	at org.springframework.beans.factory.support.DisposableBeanAdapter.destroy(DisposableBeanAdapter.java:200)
	at org.springframework.beans.factory.support.DisposableBeanAdapter.run(DisposableBeanAdapter.java:193)
	at org.springframework.cloud.context.scope.GenericScope$BeanLifecycleWrapper.destroy(GenericScope.java:387)
	at org.springframework.cloud.context.scope.GenericScope.destroy(GenericScope.java:134)
	at org.springframework.beans.factory.support.DisposableBeanAdapter.destroy(DisposableBeanAdapter.java:209)
	at org.springframework.beans.factory.support.DefaultSingletonBeanRegistry.destroyBean(DefaultSingletonBeanRegistry.java:795)
	at org.springframework.beans.factory.support.DefaultSingletonBeanRegistry.destroySingleton(DefaultSingletonBeanRegistry.java:745)
	at org.springframework.beans.factory.support.DefaultListableBeanFactory.destroySingleton(DefaultListableBeanFactory.java:1500)
	at org.springframework.beans.factory.support.DefaultSingletonBeanRegistry.destroySingletons(DefaultSingletonBeanRegistry.java:704)
	at org.springframework.beans.factory.support.DefaultListableBeanFactory.destroySingletons(DefaultListableBeanFactory.java:1493)
	at org.springframework.context.support.AbstractApplicationContext.destroyBeans(AbstractApplicationContext.java:1225)
	at org.springframework.context.support.AbstractApplicationContext.doClose(AbstractApplicationContext.java:1186)
	at org.springframework.boot.web.server.servlet.context.ServletWebServerApplicationContext.doClose(ServletWebServerApplicationContext.java:176)
	at org.springframework.context.support.AbstractApplicationContext.close(AbstractApplicationContext.java:1132)
	at org.springframework.boot.SpringApplicationShutdownHook.closeAndWait(SpringApplicationShutdownHook.java:147)
	at java.base/java.lang.Iterable.forEach(Iterable.java:75)
	at org.springframework.boot.SpringApplicationShutdownHook.run(SpringApplicationShutdownHook.java:116)
	at java.base/java.lang.Thread.run(Thread.java:842)
Caused by: org.apache.hc.client5.http.HttpHostConnectException: Connect to http://localhost:8761 failed: Connection refused: no further information
	at java.base/sun.nio.ch.Net.pollConnect(Native Method)
	at java.base/sun.nio.ch.Net.pollConnectNow(Net.java:672)
	at java.base/sun.nio.ch.NioSocketImpl.timedFinishConnect(NioSocketImpl.java:547)
	at java.base/sun.nio.ch.NioSocketImpl.connect(NioSocketImpl.java:602)
	at java.base/java.net.SocksSocketImpl.connect(SocksSocketImpl.java:327)
	at java.base/java.net.Socket.connect(Socket.java:633)
	at org.apache.hc.client5.http.impl.io.DefaultHttpClientConnectionOperator.connect(DefaultHttpClientConnectionOperator.java:215)
	at org.apache.hc.client5.http.impl.io.PoolingHttpClientConnectionManager.connect(PoolingHttpClientConnectionManager.java:497)
	at org.apache.hc.client5.http.impl.classic.InternalExecRuntime.connectEndpoint(InternalExecRuntime.java:164)
	at org.apache.hc.client5.http.impl.classic.InternalExecRuntime.connectEndpoint(InternalExecRuntime.java:174)
	at org.apache.hc.client5.http.impl.classic.ConnectExec.execute(ConnectExec.java:144)
	at org.apache.hc.client5.http.impl.classic.ExecChainElement.execute(ExecChainElement.java:51)
	at org.apache.hc.client5.http.impl.classic.ProtocolExec.execute(ProtocolExec.java:195)
	at org.apache.hc.client5.http.impl.classic.ExecChainElement.execute(ExecChainElement.java:51)
	at org.apache.hc.client5.http.impl.classic.ContentCompressionExec.execute(ContentCompressionExec.java:151)
	at org.apache.hc.client5.http.impl.classic.ExecChainElement.execute(ExecChainElement.java:51)
	at org.apache.hc.client5.http.impl.classic.HttpRequestRetryExec.execute(HttpRequestRetryExec.java:112)
	at org.apache.hc.client5.http.impl.classic.ExecChainElement.execute(ExecChainElement.java:51)
	at org.apache.hc.client5.http.impl.classic.RedirectExec.execute(RedirectExec.java:110)
	at org.apache.hc.client5.http.impl.classic.ExecChainElement.execute(ExecChainElement.java:51)
	at org.apache.hc.client5.http.impl.classic.InternalHttpClient.doExecute(InternalHttpClient.java:185)
	at org.apache.hc.client5.http.impl.classic.CloseableHttpClient.execute(CloseableHttpClient.java:87)
	at org.apache.hc.client5.http.impl.classic.CloseableHttpClient.execute(CloseableHttpClient.java:55)
	at org.apache.hc.client5.http.classic.HttpClient.executeOpen(HttpClient.java:183)
	at org.springframework.http.client.HttpComponentsClientHttpRequest.executeInternal(HttpComponentsClientHttpRequest.java:99)
	at org.springframework.http.client.AbstractStreamingClientHttpRequest.executeInternal(AbstractStreamingClientHttpRequest.java:87)
	at org.springframework.http.client.AbstractClientHttpRequest.execute(AbstractClientHttpRequest.java:80)
	at org.springframework.http.client.AbstractBufferingClientHttpRequest.executeWithRequest(AbstractBufferingClientHttpRequest.java:89)
	at org.springframework.http.client.InterceptingClientHttpRequest$EndOfChainRequestExecution.execute(InterceptingClientHttpRequest.java:102)
	at org.springframework.cloud.netflix.eureka.http.RestClientTransportClientFactory.lambda$newClient$2(RestClientTransportClientFactory.java:98)
	at org.springframework.http.client.ClientHttpRequestInterceptor.lambda$apply$0(ClientHttpRequestInterceptor.java:89)
	at org.springframework.http.client.InterceptingClientHttpRequest.executeInternal(InterceptingClientHttpRequest.java:73)
	at org.springframework.http.client.AbstractBufferingClientHttpRequest.executeInternal(AbstractBufferingClientHttpRequest.java:50)
	at org.springframework.http.client.AbstractClientHttpRequest.execute(AbstractClientHttpRequest.java:80)
	at org.springframework.web.client.DefaultRestClient$DefaultRequestBodyUriSpec.exchangeInternal(DefaultRestClient.java:609)
	... 41 more

2026-05-31T16:01:40.941+01:00  WARN 21948 --- [order-service] [SpringApplicationShutdownHook] c.n.d.s.t.d.RetryableEurekaHttpClient    : Request execution failed with message: I/O error on DELETE request for "http://localhost:8761/eureka/apps/ORDER-SERVICE/localhost:order-service:8083": Connect to http://localhost:8761 failed: Connection refused: no further information
2026-05-31T16:01:40.964+01:00  INFO 21948 --- [order-service] [SpringApplicationShutdownHook] c.n.d.s.t.d.RedirectingEurekaHttpClient  : Request execution error. endpoint=DefaultEndpoint{ serviceUrl='http://localhost:8761/eureka/}, exception=I/O error on DELETE request for "http://localhost:8761/eureka/apps/ORDER-SERVICE/localhost:order-service:8083": Connect to http://localhost:8761 failed: Connection refused: no further information stacktrace=org.springframework.web.client.ResourceAccessException: I/O error on DELETE request for "http://localhost:8761/eureka/apps/ORDER-SERVICE/localhost:order-service:8083": Connect to http://localhost:8761 failed: Connection refused: no further information
	at org.springframework.web.client.DefaultRestClient$DefaultRequestBodyUriSpec.createResourceAccessException(DefaultRestClient.java:763)
	at org.springframework.web.client.DefaultRestClient$DefaultRequestBodyUriSpec.exchangeInternal(DefaultRestClient.java:615)
	at org.springframework.web.client.DefaultRestClient$DefaultRequestBodyUriSpec.exchange(DefaultRestClient.java:567)
	at org.springframework.web.client.RestClient$RequestHeadersSpec.exchange(RestClient.java:750)
	at org.springframework.web.client.DefaultRestClient$DefaultResponseSpec.executeAndExtract(DefaultRestClient.java:896)
	at org.springframework.web.client.DefaultRestClient$DefaultResponseSpec.toBodilessEntity(DefaultRestClient.java:860)
	at org.springframework.cloud.netflix.eureka.http.RestClientEurekaHttpClient.cancel(RestClientEurekaHttpClient.java:73)
	at com.netflix.discovery.shared.transport.decorator.EurekaHttpClientDecorator$2.execute(EurekaHttpClientDecorator.java:74)
	at com.netflix.discovery.shared.transport.decorator.RedirectingEurekaHttpClient.executeOnNewServer(RedirectingEurekaHttpClient.java:121)
	at com.netflix.discovery.shared.transport.decorator.RedirectingEurekaHttpClient.execute(RedirectingEurekaHttpClient.java:80)
	at com.netflix.discovery.shared.transport.decorator.EurekaHttpClientDecorator.cancel(EurekaHttpClientDecorator.java:71)
	at com.netflix.discovery.shared.transport.decorator.EurekaHttpClientDecorator$2.execute(EurekaHttpClientDecorator.java:74)
	at com.netflix.discovery.shared.transport.decorator.RetryableEurekaHttpClient.execute(RetryableEurekaHttpClient.java:120)
	at com.netflix.discovery.shared.transport.decorator.EurekaHttpClientDecorator.cancel(EurekaHttpClientDecorator.java:71)
	at com.netflix.discovery.shared.transport.decorator.EurekaHttpClientDecorator$2.execute(EurekaHttpClientDecorator.java:74)
	at com.netflix.discovery.shared.transport.decorator.SessionedEurekaHttpClient.execute(SessionedEurekaHttpClient.java:76)
	at com.netflix.discovery.shared.transport.decorator.EurekaHttpClientDecorator.cancel(EurekaHttpClientDecorator.java:71)
	at com.netflix.discovery.DiscoveryClient.unregister(DiscoveryClient.java:919)
	at com.netflix.discovery.DiscoveryClient.shutdown(DiscoveryClient.java:900)
	at java.base/jdk.internal.reflect.NativeMethodAccessorImpl.invoke0(Native Method)
	at java.base/jdk.internal.reflect.NativeMethodAccessorImpl.invoke(NativeMethodAccessorImpl.java:77)
	at java.base/jdk.internal.reflect.DelegatingMethodAccessorImpl.invoke(DelegatingMethodAccessorImpl.java:43)
	at java.base/java.lang.reflect.Method.invoke(Method.java:568)
	at org.springframework.beans.factory.annotation.InitDestroyAnnotationBeanPostProcessor$LifecycleMethod.invoke(InitDestroyAnnotationBeanPostProcessor.java:453)
	at org.springframework.beans.factory.annotation.InitDestroyAnnotationBeanPostProcessor$LifecycleMetadata.invokeDestroyMethods(InitDestroyAnnotationBeanPostProcessor.java:411)
	at org.springframework.beans.factory.annotation.InitDestroyAnnotationBeanPostProcessor.postProcessBeforeDestruction(InitDestroyAnnotationBeanPostProcessor.java:237)
	at org.springframework.beans.factory.support.DisposableBeanAdapter.destroy(DisposableBeanAdapter.java:200)
	at org.springframework.beans.factory.support.DisposableBeanAdapter.run(DisposableBeanAdapter.java:193)
	at org.springframework.cloud.context.scope.GenericScope$BeanLifecycleWrapper.destroy(GenericScope.java:387)
	at org.springframework.cloud.context.scope.GenericScope.destroy(GenericScope.java:134)
	at org.springframework.beans.factory.support.DisposableBeanAdapter.destroy(DisposableBeanAdapter.java:209)
	at org.springframework.beans.factory.support.DefaultSingletonBeanRegistry.destroyBean(DefaultSingletonBeanRegistry.java:795)
	at org.springframework.beans.factory.support.DefaultSingletonBeanRegistry.destroySingleton(DefaultSingletonBeanRegistry.java:745)
	at org.springframework.beans.factory.support.DefaultListableBeanFactory.destroySingleton(DefaultListableBeanFactory.java:1500)
	at org.springframework.beans.factory.support.DefaultSingletonBeanRegistry.destroySingletons(DefaultSingletonBeanRegistry.java:704)
	at org.springframework.beans.factory.support.DefaultListableBeanFactory.destroySingletons(DefaultListableBeanFactory.java:1493)
	at org.springframework.context.support.AbstractApplicationContext.destroyBeans(AbstractApplicationContext.java:1225)
	at org.springframework.context.support.AbstractApplicationContext.doClose(AbstractApplicationContext.java:1186)
	at org.springframework.boot.web.server.servlet.context.ServletWebServerApplicationContext.doClose(ServletWebServerApplicationContext.java:176)
	at org.springframework.context.support.AbstractApplicationContext.close(AbstractApplicationContext.java:1132)
	at org.springframework.boot.SpringApplicationShutdownHook.closeAndWait(SpringApplicationShutdownHook.java:147)
	at java.base/java.lang.Iterable.forEach(Iterable.java:75)
	at org.springframework.boot.SpringApplicationShutdownHook.run(SpringApplicationShutdownHook.java:116)
	at java.base/java.lang.Thread.run(Thread.java:842)
Caused by: org.apache.hc.client5.http.HttpHostConnectException: Connect to http://localhost:8761 failed: Connection refused: no further information
	at java.base/sun.nio.ch.Net.pollConnect(Native Method)
	at java.base/sun.nio.ch.Net.pollConnectNow(Net.java:672)
	at java.base/sun.nio.ch.NioSocketImpl.timedFinishConnect(NioSocketImpl.java:547)
	at java.base/sun.nio.ch.NioSocketImpl.connect(NioSocketImpl.java:602)
	at java.base/java.net.SocksSocketImpl.connect(SocksSocketImpl.java:327)
	at java.base/java.net.Socket.connect(Socket.java:633)
	at org.apache.hc.client5.http.impl.io.DefaultHttpClientConnectionOperator.connect(DefaultHttpClientConnectionOperator.java:215)
	at org.apache.hc.client5.http.impl.io.PoolingHttpClientConnectionManager.connect(PoolingHttpClientConnectionManager.java:497)
	at org.apache.hc.client5.http.impl.classic.InternalExecRuntime.connectEndpoint(InternalExecRuntime.java:164)
	at org.apache.hc.client5.http.impl.classic.InternalExecRuntime.connectEndpoint(InternalExecRuntime.java:174)
	at org.apache.hc.client5.http.impl.classic.ConnectExec.execute(ConnectExec.java:144)
	at org.apache.hc.client5.http.impl.classic.ExecChainElement.execute(ExecChainElement.java:51)
	at org.apache.hc.client5.http.impl.classic.ProtocolExec.execute(ProtocolExec.java:195)
	at org.apache.hc.client5.http.impl.classic.ExecChainElement.execute(ExecChainElement.java:51)
	at org.apache.hc.client5.http.impl.classic.ContentCompressionExec.execute(ContentCompressionExec.java:151)
	at org.apache.hc.client5.http.impl.classic.ExecChainElement.execute(ExecChainElement.java:51)
	at org.apache.hc.client5.http.impl.classic.HttpRequestRetryExec.execute(HttpRequestRetryExec.java:112)
	at org.apache.hc.client5.http.impl.classic.ExecChainElement.execute(ExecChainElement.java:51)
	at org.apache.hc.client5.http.impl.classic.RedirectExec.execute(RedirectExec.java:110)
	at org.apache.hc.client5.http.impl.classic.ExecChainElement.execute(ExecChainElement.java:51)
	at org.apache.hc.client5.http.impl.classic.InternalHttpClient.doExecute(InternalHttpClient.java:185)
	at org.apache.hc.client5.http.impl.classic.CloseableHttpClient.execute(CloseableHttpClient.java:87)
	at org.apache.hc.client5.http.impl.classic.CloseableHttpClient.execute(CloseableHttpClient.java:55)
	at org.apache.hc.client5.http.classic.HttpClient.executeOpen(HttpClient.java:183)
	at org.springframework.http.client.HttpComponentsClientHttpRequest.executeInternal(HttpComponentsClientHttpRequest.java:99)
	at org.springframework.http.client.AbstractStreamingClientHttpRequest.executeInternal(AbstractStreamingClientHttpRequest.java:87)
	at org.springframework.http.client.AbstractClientHttpRequest.execute(AbstractClientHttpRequest.java:80)
	at org.springframework.http.client.AbstractBufferingClientHttpRequest.executeWithRequest(AbstractBufferingClientHttpRequest.java:89)
	at org.springframework.http.client.InterceptingClientHttpRequest$EndOfChainRequestExecution.execute(InterceptingClientHttpRequest.java:102)
	at org.springframework.cloud.netflix.eureka.http.RestClientTransportClientFactory.lambda$newClient$2(RestClientTransportClientFactory.java:98)
	at org.springframework.http.client.ClientHttpRequestInterceptor.lambda$apply$0(ClientHttpRequestInterceptor.java:89)
	at org.springframework.http.client.InterceptingClientHttpRequest.executeInternal(InterceptingClientHttpRequest.java:73)
	at org.springframework.http.client.AbstractBufferingClientHttpRequest.executeInternal(AbstractBufferingClientHttpRequest.java:50)
	at org.springframework.http.client.AbstractClientHttpRequest.execute(AbstractClientHttpRequest.java:80)
	at org.springframework.web.client.DefaultRestClient$DefaultRequestBodyUriSpec.exchangeInternal(DefaultRestClient.java:609)
	... 42 more

2026-05-31T16:01:40.964+01:00  WARN 21948 --- [order-service] [SpringApplicationShutdownHook] c.n.d.s.t.d.RetryableEurekaHttpClient    : Request execution failed with message: I/O error on DELETE request for "http://localhost:8761/eureka/apps/ORDER-SERVICE/localhost:order-service:8083": Connect to http://localhost:8761 failed: Connection refused: no further information
2026-05-31T16:01:40.964+01:00 ERROR 21948 --- [order-service] [SpringApplicationShutdownHook] com.netflix.discovery.DiscoveryClient    : DiscoveryClient_ORDER-SERVICE/localhost:order-service:8083 - de-registration failedCannot execute request on any known server

com.netflix.discovery.shared.transport.TransportException: Cannot execute request on any known server
	at com.netflix.discovery.shared.transport.decorator.RetryableEurekaHttpClient.execute(RetryableEurekaHttpClient.java:112) ~[eureka-client-2.0.5.jar:2.0.5]
	at com.netflix.discovery.shared.transport.decorator.EurekaHttpClientDecorator.cancel(EurekaHttpClientDecorator.java:71) ~[eureka-client-2.0.5.jar:2.0.5]
	at com.netflix.discovery.shared.transport.decorator.EurekaHttpClientDecorator$2.execute(EurekaHttpClientDecorator.java:74) ~[eureka-client-2.0.5.jar:2.0.5]
	at com.netflix.discovery.shared.transport.decorator.SessionedEurekaHttpClient.execute(SessionedEurekaHttpClient.java:76) ~[eureka-client-2.0.5.jar:2.0.5]
	at com.netflix.discovery.shared.transport.decorator.EurekaHttpClientDecorator.cancel(EurekaHttpClientDecorator.java:71) ~[eureka-client-2.0.5.jar:2.0.5]
	at com.netflix.discovery.DiscoveryClient.unregister(DiscoveryClient.java:919) ~[eureka-client-2.0.5.jar:2.0.5]
	at com.netflix.discovery.DiscoveryClient.shutdown(DiscoveryClient.java:900) ~[eureka-client-2.0.5.jar:2.0.5]
	at java.base/jdk.internal.reflect.NativeMethodAccessorImpl.invoke0(Native Method) ~[na:na]
	at java.base/jdk.internal.reflect.NativeMethodAccessorImpl.invoke(NativeMethodAccessorImpl.java:77) ~[na:na]
	at java.base/jdk.internal.reflect.DelegatingMethodAccessorImpl.invoke(DelegatingMethodAccessorImpl.java:43) ~[na:na]
	at java.base/java.lang.reflect.Method.invoke(Method.java:568) ~[na:na]
	at org.springframework.beans.factory.annotation.InitDestroyAnnotationBeanPostProcessor$LifecycleMethod.invoke(InitDestroyAnnotationBeanPostProcessor.java:453) ~[spring-beans-7.0.2.jar:7.0.2]
	at org.springframework.beans.factory.annotation.InitDestroyAnnotationBeanPostProcessor$LifecycleMetadata.invokeDestroyMethods(InitDestroyAnnotationBeanPostProcessor.java:411) ~[spring-beans-7.0.2.jar:7.0.2]
	at org.springframework.beans.factory.annotation.InitDestroyAnnotationBeanPostProcessor.postProcessBeforeDestruction(InitDestroyAnnotationBeanPostProcessor.java:237) ~[spring-beans-7.0.2.jar:7.0.2]
	at org.springframework.beans.factory.support.DisposableBeanAdapter.destroy(DisposableBeanAdapter.java:200) ~[spring-beans-7.0.2.jar:7.0.2]
	at org.springframework.beans.factory.support.DisposableBeanAdapter.run(DisposableBeanAdapter.java:193) ~[spring-beans-7.0.2.jar:7.0.2]
	at org.springframework.cloud.context.scope.GenericScope$BeanLifecycleWrapper.destroy(GenericScope.java:387) ~[spring-cloud-context-5.0.0.jar:5.0.0]
	at org.springframework.cloud.context.scope.GenericScope.destroy(GenericScope.java:134) ~[spring-cloud-context-5.0.0.jar:5.0.0]
	at org.springframework.beans.factory.support.DisposableBeanAdapter.destroy(DisposableBeanAdapter.java:209) ~[spring-beans-7.0.2.jar:7.0.2]
	at org.springframework.beans.factory.support.DefaultSingletonBeanRegistry.destroyBean(DefaultSingletonBeanRegistry.java:795) ~[spring-beans-7.0.2.jar:7.0.2]
	at org.springframework.beans.factory.support.DefaultSingletonBeanRegistry.destroySingleton(DefaultSingletonBeanRegistry.java:745) ~[spring-beans-7.0.2.jar:7.0.2]
	at org.springframework.beans.factory.support.DefaultListableBeanFactory.destroySingleton(DefaultListableBeanFactory.java:1500) ~[spring-beans-7.0.2.jar:7.0.2]
	at org.springframework.beans.factory.support.DefaultSingletonBeanRegistry.destroySingletons(DefaultSingletonBeanRegistry.java:704) ~[spring-beans-7.0.2.jar:7.0.2]
	at org.springframework.beans.factory.support.DefaultListableBeanFactory.destroySingletons(DefaultListableBeanFactory.java:1493) ~[spring-beans-7.0.2.jar:7.0.2]
	at org.springframework.context.support.AbstractApplicationContext.destroyBeans(AbstractApplicationContext.java:1225) ~[spring-context-7.0.2.jar:7.0.2]
	at org.springframework.context.support.AbstractApplicationContext.doClose(AbstractApplicationContext.java:1186) ~[spring-context-7.0.2.jar:7.0.2]
	at org.springframework.boot.web.server.servlet.context.ServletWebServerApplicationContext.doClose(ServletWebServerApplicationContext.java:176) ~[spring-boot-web-server-4.0.1.jar:4.0.1]
	at org.springframework.context.support.AbstractApplicationContext.close(AbstractApplicationContext.java:1132) ~[spring-context-7.0.2.jar:7.0.2]
	at org.springframework.boot.SpringApplicationShutdownHook.closeAndWait(SpringApplicationShutdownHook.java:147) ~[spring-boot-4.0.1.jar:4.0.1]
	at java.base/java.lang.Iterable.forEach(Iterable.java:75) ~[na:na]
	at org.springframework.boot.SpringApplicationShutdownHook.run(SpringApplicationShutdownHook.java:116) ~[spring-boot-4.0.1.jar:4.0.1]
	at java.base/java.lang.Thread.run(Thread.java:842) ~[na:na]

2026-05-31T16:01:40.982+01:00  INFO 21948 --- [order-service] [SpringApplicationShutdownHook] com.netflix.discovery.DiscoveryClient    : Completed shut down of DiscoveryClient
2026-05-31T16:06:17.756+01:00  INFO 30192 --- [order-service] [main] [                                                 ] c.e.order.OrderServiceApplication        : Starting OrderServiceApplication using Java 17.0.12 with PID 30192 (D:\Dublin\Interview Prep\Microservices\E-Commerce-Microservices-App\order\target\classes started by musta in D:\Dublin\Interview Prep\Microservices\E-Commerce-Microservices-App)
2026-05-31T16:06:17.760+01:00  INFO 30192 --- [order-service] [main] [                                                 ] c.e.order.OrderServiceApplication        : The following 1 profile is active: "order-service"
2026-05-31T16:06:17.798+01:00  INFO 30192 --- [order-service] [main] [                                                 ] o.s.c.c.c.ConfigServerConfigDataLoader   : Fetching config from server at : http://localhost:8888
2026-05-31T16:06:17.798+01:00  INFO 30192 --- [order-service] [main] [                                                 ] o.s.c.c.c.ConfigServerConfigDataLoader   : Located environment: name=order-service, profiles=[default], label=null, version=null, state=null
2026-05-31T16:06:17.799+01:00  INFO 30192 --- [order-service] [main] [                                                 ] o.s.c.c.c.ConfigServerConfigDataLoader   : Fetching config from server at : http://localhost:8888
2026-05-31T16:06:17.799+01:00  INFO 30192 --- [order-service] [main] [                                                 ] o.s.c.c.c.ConfigServerConfigDataLoader   : Located environment: name=order-service, profiles=[order-service], label=null, version=null, state=null
2026-05-31T16:06:19.323+01:00  INFO 30192 --- [order-service] [main] [                                                 ] .s.d.r.c.RepositoryConfigurationDelegate : Bootstrapping Spring Data JPA repositories in DEFAULT mode.
2026-05-31T16:06:19.457+01:00  INFO 30192 --- [order-service] [main] [                                                 ] .s.d.r.c.RepositoryConfigurationDelegate : Finished Spring Data repository scanning in 126 ms. Found 2 JPA repository interfaces.
2026-05-31T16:06:19.765+01:00  INFO 30192 --- [order-service] [main] [                                                 ] faultConfiguringBeanFactoryPostProcessor : No bean named 'errorChannel' has been explicitly defined. Therefore, a default PublishSubscribeChannel will be created.
2026-05-31T16:06:19.771+01:00  INFO 30192 --- [order-service] [main] [                                                 ] faultConfiguringBeanFactoryPostProcessor : No bean named 'integrationHeaderChannelRegistry' has been explicitly defined. Therefore, a default DefaultHeaderChannelRegistry will be created.
2026-05-31T16:06:19.864+01:00  INFO 30192 --- [order-service] [main] [                                                 ] o.s.cloud.context.scope.GenericScope     : BeanFactory id=e2d200e8-0782-388f-b87c-71aae4bcfdec
2026-05-31T16:06:20.217+01:00  INFO 30192 --- [order-service] [main] [                                                 ] o.s.boot.tomcat.TomcatWebServer          : Tomcat initialized with port 8083 (http)
2026-05-31T16:06:20.227+01:00  INFO 30192 --- [order-service] [main] [                                                 ] o.apache.catalina.core.StandardService   : Starting service [Tomcat]
2026-05-31T16:06:20.227+01:00  INFO 30192 --- [order-service] [main] [                                                 ] o.apache.catalina.core.StandardEngine    : Starting Servlet engine: [Apache Tomcat/11.0.15]
2026-05-31T16:06:20.299+01:00  INFO 30192 --- [order-service] [main] [                                                 ] b.w.c.s.WebApplicationContextInitializer : Root WebApplicationContext: initialization completed in 2498 ms
2026-05-31T16:06:21.442+01:00  INFO 30192 --- [order-service] [main] [                                                 ] org.hibernate.orm.jpa                    : HHH008540: Processing PersistenceUnitInfo [name: default]
2026-05-31T16:06:21.618+01:00  INFO 30192 --- [order-service] [main] [                                                 ] org.hibernate.orm.core                   : HHH000001: Hibernate ORM core version 7.2.0.Final
2026-05-31T16:06:22.509+01:00  INFO 30192 --- [order-service] [main] [                                                 ] o.s.o.j.p.SpringPersistenceUnitInfo      : No LoadTimeWeaver setup: ignoring JPA class transformer
2026-05-31T16:06:22.563+01:00  INFO 30192 --- [order-service] [main] [                                                 ] com.zaxxer.hikari.HikariDataSource       : MyHikariCP - Starting...
2026-05-31T16:06:22.872+01:00  INFO 30192 --- [order-service] [main] [                                                 ] com.zaxxer.hikari.pool.HikariPool        : MyHikariCP - Added connection com.mysql.cj.jdbc.ConnectionImpl@746cb25d
2026-05-31T16:06:22.874+01:00  INFO 30192 --- [order-service] [main] [                                                 ] com.zaxxer.hikari.HikariDataSource       : MyHikariCP - Start completed.
2026-05-31T16:06:22.983+01:00  WARN 30192 --- [order-service] [main] [                                                 ] org.hibernate.orm.deprecation            : HHH90000025: MySQLDialect does not need to be specified explicitly using 'hibernate.dialect' (remove the property setting and it will be selected by default)
2026-05-31T16:06:23.015+01:00  INFO 30192 --- [order-service] [main] [                                                 ] org.hibernate.orm.connections.pooling    : HHH10001005: Database info:
	Database JDBC URL [jdbc:mysql://localhost:3309/ecomapp_order_service?useSSL=false&allowPublicKeyRetrieval=true&serverTimezone=UTC]
	Database driver: MySQL Connector/J
	Database dialect: MySQLDialect
	Database version: 8.0.44
	Default catalog/schema: ecomapp_order_service/undefined
	Autocommit mode: undefined/unknown
	Isolation level: REPEATABLE_READ [default REPEATABLE_READ]
	JDBC fetch size: none
	Pool: DataSourceConnectionProvider
	Minimum pool size: undefined/unknown
	Maximum pool size: undefined/unknown
2026-05-31T16:06:24.805+01:00  INFO 30192 --- [order-service] [main] [                                                 ] org.hibernate.orm.core                   : HHH000489: No JTA platform available (set 'hibernate.transaction.jta.platform' to enable JTA platform integration)
2026-05-31T16:06:26.146+01:00  INFO 30192 --- [order-service] [main] [                                                 ] j.LocalContainerEntityManagerFactoryBean : Initialized JPA EntityManagerFactory for persistence unit 'default'
2026-05-31T16:06:26.458+01:00  INFO 30192 --- [order-service] [main] [                                                 ] o.s.d.j.r.query.QueryEnhancerFactories   : Hibernate is in classpath; If applicable, HQL parser will be used.
2026-05-31T16:06:27.884+01:00  WARN 30192 --- [order-service] [main] [                                                 ] JpaBaseConfiguration$JpaWebConfiguration : spring.jpa.open-in-view is enabled by default. Therefore, database queries may be performed during view rendering. Explicitly configure spring.jpa.open-in-view to disable this warning
2026-05-31T16:06:28.932+01:00  INFO 30192 --- [order-service] [main] [                                                 ] o.s.c.s.m.DirectWithAttributesChannel    : Channel 'order-service.springCloudBusInput' has 1 subscriber(s).
2026-05-31T16:06:30.472+01:00  INFO 30192 --- [order-service] [main] [                                                 ] o.s.cloud.commons.util.InetUtils         : Cannot determine local hostname
2026-05-31T16:06:31.827+01:00  INFO 30192 --- [order-service] [main] [                                                 ] o.s.cloud.commons.util.InetUtils         : Cannot determine local hostname
2026-05-31T16:06:33.592+01:00  INFO 30192 --- [order-service] [main] [                                                 ] o.s.cloud.commons.util.InetUtils         : Cannot determine local hostname
2026-05-31T16:06:33.630+01:00  INFO 30192 --- [order-service] [main] [                                                 ] DiscoveryClientOptionalArgsConfiguration : Eureka HTTP Client uses RestClient.
2026-05-31T16:06:33.738+01:00  WARN 30192 --- [order-service] [main] [                                                 ] iguration$LoadBalancerCaffeineWarnLogger : Spring Cloud LoadBalancer is currently working with the default cache. While this cache implementation is useful for development and tests, it's recommended to use Caffeine cache in production.You can switch to using Caffeine cache, by adding it and org.springframework.cache.caffeine.CaffeineCacheManager to the classpath.
2026-05-31T16:06:33.750+01:00  INFO 30192 --- [order-service] [main] [                                                 ] o.s.b.a.e.web.EndpointLinksResolver      : Exposing 25 endpoints beneath base path '/actuator'
2026-05-31T16:06:34.028+01:00  INFO 30192 --- [order-service] [main] [                                                 ] figuration$IntegrationJmxConfiguration$1 : Registering MessageChannel errorChannel
2026-05-31T16:06:34.049+01:00  INFO 30192 --- [order-service] [main] [                                                 ] figuration$IntegrationJmxConfiguration$1 : Registering MessageChannel springCloudBusInput
2026-05-31T16:06:34.059+01:00  INFO 30192 --- [order-service] [main] [                                                 ] figuration$IntegrationJmxConfiguration$1 : Registering MessageChannel nullChannel
2026-05-31T16:06:34.070+01:00  INFO 30192 --- [order-service] [main] [                                                 ] figuration$IntegrationJmxConfiguration$1 : Registering MessageHandler _org.springframework.integration.errorLogger
2026-05-31T16:06:34.099+01:00  INFO 30192 --- [order-service] [main] [                                                 ] o.s.i.endpoint.EventDrivenConsumer       : Adding {logging-channel-adapter:_org.springframework.integration.errorLogger} as a subscriber to the 'errorChannel' channel
2026-05-31T16:06:34.100+01:00  INFO 30192 --- [order-service] [main] [                                                 ] o.s.i.channel.PublishSubscribeChannel    : Channel 'order-service.errorChannel' has 1 subscriber(s).
2026-05-31T16:06:34.101+01:00  INFO 30192 --- [order-service] [main] [                                                 ] o.s.i.endpoint.EventDrivenConsumer       : started bean '_org.springframework.integration.errorLogger'
2026-05-31T16:06:34.141+01:00  INFO 30192 --- [order-service] [main] [                                                 ] o.s.c.n.eureka.InstanceInfoFactory       : Setting initial instance status as: STARTING
2026-05-31T16:06:34.181+01:00  INFO 30192 --- [order-service] [main] [                                                 ] com.netflix.discovery.DiscoveryClient    : Initializing Eureka in region us-east-1
2026-05-31T16:06:34.187+01:00  INFO 30192 --- [order-service] [main] [                                                 ] c.n.d.s.r.aws.ConfigClusterResolver      : Resolving eureka endpoints via configuration
2026-05-31T16:06:34.203+01:00  INFO 30192 --- [order-service] [main] [                                                 ] com.netflix.discovery.DiscoveryClient    : Disable delta property : false
2026-05-31T16:06:34.204+01:00  INFO 30192 --- [order-service] [main] [                                                 ] com.netflix.discovery.DiscoveryClient    : Single vip registry refresh property : null
2026-05-31T16:06:34.204+01:00  INFO 30192 --- [order-service] [main] [                                                 ] com.netflix.discovery.DiscoveryClient    : Force full registry fetch : false
2026-05-31T16:06:34.204+01:00  INFO 30192 --- [order-service] [main] [                                                 ] com.netflix.discovery.DiscoveryClient    : Application is null : false
2026-05-31T16:06:34.204+01:00  INFO 30192 --- [order-service] [main] [                                                 ] com.netflix.discovery.DiscoveryClient    : Registered Applications size is zero : true
2026-05-31T16:06:34.204+01:00  INFO 30192 --- [order-service] [main] [                                                 ] com.netflix.discovery.DiscoveryClient    : Application version is -1: true
2026-05-31T16:06:34.204+01:00  INFO 30192 --- [order-service] [main] [                                                 ] com.netflix.discovery.DiscoveryClient    : Getting all instance registry info from the eureka server
2026-05-31T16:06:34.458+01:00  INFO 30192 --- [order-service] [main] [                                                 ] com.netflix.discovery.DiscoveryClient    : The response status is 200
2026-05-31T16:06:34.462+01:00  INFO 30192 --- [order-service] [main] [                                                 ] com.netflix.discovery.DiscoveryClient    : Starting heartbeat executor: renew interval is: 30
2026-05-31T16:06:34.466+01:00  INFO 30192 --- [order-service] [main] [                                                 ] c.n.discovery.InstanceInfoReplicator     : InstanceInfoReplicator onDemand update allowed rate per min is 4
2026-05-31T16:06:34.471+01:00  INFO 30192 --- [order-service] [main] [                                                 ] com.netflix.discovery.DiscoveryClient    : Discovery Client initialized at timestamp 1780239994470 with initial instances count: 1
2026-05-31T16:06:34.479+01:00  INFO 30192 --- [order-service] [main] [                                                 ] o.s.c.n.e.s.EurekaServiceRegistry        : Registering application ORDER-SERVICE with eureka with status UP
2026-05-31T16:06:34.480+01:00  INFO 30192 --- [order-service] [main] [                                                 ] com.netflix.discovery.DiscoveryClient    : Saw local status change event StatusChangeEvent [timestamp=1780239994480, current=UP, previous=STARTING]
2026-05-31T16:06:34.484+01:00  INFO 30192 --- [order-service] [DiscoveryClient-InstanceInfoReplicator-%d] [                                                 ] com.netflix.discovery.DiscoveryClient    : DiscoveryClient_ORDER-SERVICE/localhost:order-service:8083: registering service...
2026-05-31T16:06:34.485+01:00  INFO 30192 --- [order-service] [main] [                                                 ] o.s.c.s.binder.DefaultBinderFactory      : Creating binder: rabbit
2026-05-31T16:06:34.486+01:00  INFO 30192 --- [order-service] [main] [                                                 ] o.s.c.s.binder.DefaultBinderFactory      : Constructing binder child context for rabbit
2026-05-31T16:06:34.547+01:00  INFO 30192 --- [order-service] [DiscoveryClient-InstanceInfoReplicator-%d] [                                                 ] com.netflix.discovery.DiscoveryClient    : DiscoveryClient_ORDER-SERVICE/localhost:order-service:8083 - registration status: 204
2026-05-31T16:06:34.615+01:00  INFO 30192 --- [order-service] [main] [                                                 ] o.s.c.s.binder.DefaultBinderFactory      : Caching the binder: rabbit
2026-05-31T16:06:34.629+01:00  INFO 30192 --- [order-service] [main] [                                                 ] c.s.b.r.p.RabbitExchangeQueueProvisioner : declaring queue for inbound: springCloudBus.anonymous.27s5gDL0Soijj3pj2v1wWw, bound to: springCloudBus
2026-05-31T16:06:34.639+01:00  INFO 30192 --- [order-service] [main] [                                                 ] o.s.a.r.c.CachingConnectionFactory       : Attempting to connect to: [localhost:5672]
2026-05-31T16:06:34.744+01:00  INFO 30192 --- [order-service] [main] [                                                 ] o.s.a.r.c.CachingConnectionFactory       : Created new connection: rabbitConnectionFactory#318a2e9f:0/SimpleConnection@5d42e865 [delegate=amqp://guest@127.0.0.1:5672/, localPort=54702]
2026-05-31T16:06:34.836+01:00  INFO 30192 --- [order-service] [main] [                                                 ] o.s.c.stream.binder.BinderErrorChannel   : Channel 'rabbit-1013876338.springCloudBusInput.errors' has 1 subscriber(s).
2026-05-31T16:06:34.838+01:00  INFO 30192 --- [order-service] [main] [                                                 ] o.s.c.stream.binder.BinderErrorChannel   : Channel 'rabbit-1013876338.springCloudBusInput.errors' has 2 subscriber(s).
2026-05-31T16:06:34.870+01:00  INFO 30192 --- [order-service] [main] [                                                 ] o.s.i.a.i.AmqpInboundChannelAdapter      : started bean 'inbound.springCloudBus.anonymous.27s5gDL0Soijj3pj2v1wWw'
2026-05-31T16:06:34.891+01:00  INFO 30192 --- [order-service] [main] [                                                 ] o.s.boot.tomcat.TomcatWebServer          : Tomcat started on port 8083 (http) with context path '/'
2026-05-31T16:06:34.892+01:00  INFO 30192 --- [order-service] [main] [                                                 ] .s.c.n.e.s.EurekaAutoServiceRegistration : Updating port to 8083
2026-05-31T16:06:36.211+01:00  INFO 30192 --- [order-service] [main] [                                                 ] o.s.cloud.commons.util.InetUtils         : Cannot determine local hostname
2026-05-31T16:06:36.584+01:00  INFO 30192 --- [order-service] [http-nio-8083-exec-1] [                                                 ] o.a.c.c.C.[Tomcat].[localhost].[/]       : Initializing Spring DispatcherServlet 'dispatcherServlet'
2026-05-31T16:06:36.585+01:00  INFO 30192 --- [order-service] [http-nio-8083-exec-1] [                                                 ] o.s.web.servlet.DispatcherServlet        : Initializing Servlet 'dispatcherServlet'
2026-05-31T16:06:36.594+01:00  INFO 30192 --- [order-service] [http-nio-8083-exec-1] [                                                 ] o.s.web.servlet.DispatcherServlet        : Completed initialization in 8 ms
2026-05-31T16:06:37.544+01:00  INFO 30192 --- [order-service] [main] [                                                 ] o.s.cloud.commons.util.InetUtils         : Cannot determine local hostname
2026-05-31T16:06:37.599+01:00  INFO 30192 --- [order-service] [http-nio-8083-exec-1] [6a1c4e7c09498043d87fcc4359df5f59-d87fcc4359df5f59] figuration$IntegrationJmxConfiguration$1 : Registering MessageChannel rabbit-1013876338.springCloudBusInput.errors
2026-05-31T16:06:37.639+01:00  INFO 30192 --- [order-service] [main] [                                                 ] c.e.order.OrderServiceApplication        : Started OrderServiceApplication in 22.388 seconds (process running for 23.399)
2026-05-31T16:06:37.658+01:00  WARN 30192 --- [order-service] [main] [                                                 ] o.s.core.events.SpringDocAppInitializer  : SpringDoc /v3/api-docs endpoint is enabled by default. To disable it in production, set the property 'springdoc.api-docs.enabled=false'
2026-05-31T16:06:37.659+01:00  WARN 30192 --- [order-service] [main] [                                                 ] o.s.core.events.SpringDocAppInitializer  : SpringDoc /swagger-ui.html endpoint is enabled by default. To disable it in production, set the property 'springdoc.swagger-ui.enabled=false'
2026-05-31T16:11:34.211+01:00  INFO 30192 --- [order-service] [AsyncResolver-bootstrap-executor-%d] [                                                 ] c.n.d.s.r.aws.ConfigClusterResolver      : Resolving eureka endpoints via configuration
2026-05-31T16:16:34.225+01:00  INFO 30192 --- [order-service] [AsyncResolver-bootstrap-executor-%d] [                                                 ] c.n.d.s.r.aws.ConfigClusterResolver      : Resolving eureka endpoints via configuration
2026-05-31T16:21:34.241+01:00  INFO 30192 --- [order-service] [AsyncResolver-bootstrap-executor-%d] [                                                 ] c.n.d.s.r.aws.ConfigClusterResolver      : Resolving eureka endpoints via configuration
2026-05-31T16:26:34.252+01:00  INFO 30192 --- [order-service] [AsyncResolver-bootstrap-executor-%d] [                                                 ] c.n.d.s.r.aws.ConfigClusterResolver      : Resolving eureka endpoints via configuration
2026-05-31T16:31:25.537+01:00  INFO 30192 --- [order-service] [SpringApplicationShutdownHook] [                                                 ] o.s.c.n.e.s.EurekaServiceRegistry        : Unregistering application ORDER-SERVICE with eureka with status DOWN
2026-05-31T16:31:25.538+01:00  INFO 30192 --- [order-service] [SpringApplicationShutdownHook] [                                                 ] com.netflix.discovery.DiscoveryClient    : Saw local status change event StatusChangeEvent [timestamp=1780241485538, current=DOWN, previous=UP]
2026-05-31T16:31:25.538+01:00  INFO 30192 --- [order-service] [DiscoveryClient-InstanceInfoReplicator-%d] [                                                 ] com.netflix.discovery.DiscoveryClient    : DiscoveryClient_ORDER-SERVICE/localhost:order-service:8083: registering service...
2026-05-31T16:31:25.587+01:00  INFO 30192 --- [order-service] [SpringApplicationShutdownHook] [                                                 ] o.s.boot.tomcat.GracefulShutdown         : Commencing graceful shutdown. Waiting for active requests to complete
2026-05-31T16:31:25.598+01:00  INFO 30192 --- [order-service] [DiscoveryClient-InstanceInfoReplicator-%d] [                                                 ] com.netflix.discovery.DiscoveryClient    : DiscoveryClient_ORDER-SERVICE/localhost:order-service:8083 - registration status: 204
2026-05-31T16:31:25.996+01:00  INFO 30192 --- [order-service] [tomcat-shutdown] [                                                 ] o.s.boot.tomcat.GracefulShutdown         : Graceful shutdown complete
2026-05-31T16:31:26.064+01:00  INFO 30192 --- [order-service] [SpringApplicationShutdownHook] [                                                 ] o.s.a.r.l.SimpleMessageListenerContainer : Waiting for workers to finish.
2026-05-31T16:31:26.217+01:00  INFO 30192 --- [order-service] [SpringApplicationShutdownHook] [                                                 ] o.s.a.r.l.SimpleMessageListenerContainer : Successfully waited for workers to finish.
2026-05-31T16:31:26.223+01:00  INFO 30192 --- [order-service] [SpringApplicationShutdownHook] [                                                 ] o.s.i.a.i.AmqpInboundChannelAdapter      : stopped bean 'inbound.springCloudBus.anonymous.27s5gDL0Soijj3pj2v1wWw'
2026-05-31T16:31:26.242+01:00  INFO 30192 --- [order-service] [SpringApplicationShutdownHook] [                                                 ] o.s.c.stream.binder.BinderErrorChannel   : Channel 'order-service.rabbit-1013876338.springCloudBusInput.errors' has 1 subscriber(s).
2026-05-31T16:31:26.246+01:00  INFO 30192 --- [order-service] [SpringApplicationShutdownHook] [                                                 ] o.s.c.stream.binder.BinderErrorChannel   : Channel 'order-service.rabbit-1013876338.springCloudBusInput.errors' has 0 subscriber(s).
2026-05-31T16:31:26.333+01:00  INFO 30192 --- [order-service] [SpringApplicationShutdownHook] [                                                 ] o.s.i.endpoint.EventDrivenConsumer       : Removing {logging-channel-adapter:_org.springframework.integration.errorLogger} as a subscriber to the 'errorChannel' channel
2026-05-31T16:31:26.334+01:00  INFO 30192 --- [order-service] [SpringApplicationShutdownHook] [                                                 ] o.s.i.channel.PublishSubscribeChannel    : Channel 'order-service.errorChannel' has 0 subscriber(s).
2026-05-31T16:31:26.335+01:00  INFO 30192 --- [order-service] [SpringApplicationShutdownHook] [                                                 ] o.s.i.endpoint.EventDrivenConsumer       : stopped bean '_org.springframework.integration.errorLogger'
2026-05-31T16:31:26.422+01:00  INFO 30192 --- [order-service] [SpringApplicationShutdownHook] [                                                 ] j.LocalContainerEntityManagerFactoryBean : Closing JPA EntityManagerFactory for persistence unit 'default'
2026-05-31T16:31:26.517+01:00  INFO 30192 --- [order-service] [SpringApplicationShutdownHook] [                                                 ] com.zaxxer.hikari.HikariDataSource       : MyHikariCP - Shutdown initiated...
2026-05-31T16:31:26.534+01:00  INFO 30192 --- [order-service] [SpringApplicationShutdownHook] [                                                 ] com.zaxxer.hikari.HikariDataSource       : MyHikariCP - Shutdown completed.
2026-05-31T16:31:27.235+01:00  INFO 30192 --- [order-service] [SpringApplicationShutdownHook] [                                                 ] com.netflix.discovery.DiscoveryClient    : Shutting down DiscoveryClient ...
2026-05-31T16:31:30.238+01:00  INFO 30192 --- [order-service] [SpringApplicationShutdownHook] [                                                 ] com.netflix.discovery.DiscoveryClient    : Unregistering ...
2026-05-31T16:31:30.341+01:00  INFO 30192 --- [order-service] [SpringApplicationShutdownHook] [                                                 ] com.netflix.discovery.DiscoveryClient    : DiscoveryClient_ORDER-SERVICE/localhost:order-service:8083 - deregister  status: 200
2026-05-31T16:31:30.342+01:00  INFO 30192 --- [order-service] [SpringApplicationShutdownHook] [                                                 ] com.netflix.discovery.DiscoveryClient    : Completed shut down of DiscoveryClient
2026-05-31T16:31:39.835+01:00  INFO 3004 --- [order-service] [main] [                                                 ] c.e.order.OrderServiceApplication        : Starting OrderServiceApplication using Java 17.0.12 with PID 3004 (D:\Dublin\Interview Prep\Microservices\E-Commerce-Microservices-App\order\target\classes started by musta in D:\Dublin\Interview Prep\Microservices\E-Commerce-Microservices-App)
2026-05-31T16:31:39.845+01:00  INFO 3004 --- [order-service] [main] [                                                 ] c.e.order.OrderServiceApplication        : The following 1 profile is active: "order-service"
2026-05-31T16:31:39.896+01:00  INFO 3004 --- [order-service] [main] [                                                 ] o.s.c.c.c.ConfigServerConfigDataLoader   : Fetching config from server at : http://localhost:8888
2026-05-31T16:31:39.896+01:00  INFO 3004 --- [order-service] [main] [                                                 ] o.s.c.c.c.ConfigServerConfigDataLoader   : Located environment: name=order-service, profiles=[default], label=null, version=null, state=null
2026-05-31T16:31:39.897+01:00  INFO 3004 --- [order-service] [main] [                                                 ] o.s.c.c.c.ConfigServerConfigDataLoader   : Fetching config from server at : http://localhost:8888
2026-05-31T16:31:39.897+01:00  INFO 3004 --- [order-service] [main] [                                                 ] o.s.c.c.c.ConfigServerConfigDataLoader   : Located environment: name=order-service, profiles=[order-service], label=null, version=null, state=null
2026-05-31T16:31:41.827+01:00  INFO 3004 --- [order-service] [main] [                                                 ] .s.d.r.c.RepositoryConfigurationDelegate : Bootstrapping Spring Data JPA repositories in DEFAULT mode.
2026-05-31T16:31:41.968+01:00  INFO 3004 --- [order-service] [main] [                                                 ] .s.d.r.c.RepositoryConfigurationDelegate : Finished Spring Data repository scanning in 132 ms. Found 2 JPA repository interfaces.
2026-05-31T16:31:42.344+01:00  INFO 3004 --- [order-service] [main] [                                                 ] faultConfiguringBeanFactoryPostProcessor : No bean named 'errorChannel' has been explicitly defined. Therefore, a default PublishSubscribeChannel will be created.
2026-05-31T16:31:42.351+01:00  INFO 3004 --- [order-service] [main] [                                                 ] faultConfiguringBeanFactoryPostProcessor : No bean named 'integrationHeaderChannelRegistry' has been explicitly defined. Therefore, a default DefaultHeaderChannelRegistry will be created.
2026-05-31T16:31:42.461+01:00  INFO 3004 --- [order-service] [main] [                                                 ] o.s.cloud.context.scope.GenericScope     : BeanFactory id=e2d200e8-0782-388f-b87c-71aae4bcfdec
2026-05-31T16:31:42.962+01:00  INFO 3004 --- [order-service] [main] [                                                 ] o.s.boot.tomcat.TomcatWebServer          : Tomcat initialized with port 8083 (http)
2026-05-31T16:31:42.979+01:00  INFO 3004 --- [order-service] [main] [                                                 ] o.apache.catalina.core.StandardService   : Starting service [Tomcat]
2026-05-31T16:31:42.979+01:00  INFO 3004 --- [order-service] [main] [                                                 ] o.apache.catalina.core.StandardEngine    : Starting Servlet engine: [Apache Tomcat/11.0.15]
2026-05-31T16:31:43.079+01:00  INFO 3004 --- [order-service] [main] [                                                 ] b.w.c.s.WebApplicationContextInitializer : Root WebApplicationContext: initialization completed in 3179 ms
2026-05-31T16:31:43.783+01:00  INFO 3004 --- [order-service] [main] [                                                 ] org.hibernate.orm.jpa                    : HHH008540: Processing PersistenceUnitInfo [name: default]
2026-05-31T16:31:43.875+01:00  INFO 3004 --- [order-service] [main] [                                                 ] org.hibernate.orm.core                   : HHH000001: Hibernate ORM core version 7.2.0.Final
2026-05-31T16:31:44.381+01:00  INFO 3004 --- [order-service] [main] [                                                 ] o.s.o.j.p.SpringPersistenceUnitInfo      : No LoadTimeWeaver setup: ignoring JPA class transformer
2026-05-31T16:31:44.424+01:00  INFO 3004 --- [order-service] [main] [                                                 ] com.zaxxer.hikari.HikariDataSource       : MyHikariCP - Starting...
2026-05-31T16:31:44.868+01:00  INFO 3004 --- [order-service] [main] [                                                 ] com.zaxxer.hikari.pool.HikariPool        : MyHikariCP - Added connection com.mysql.cj.jdbc.ConnectionImpl@2ff30a75
2026-05-31T16:31:44.881+01:00  INFO 3004 --- [order-service] [main] [                                                 ] com.zaxxer.hikari.HikariDataSource       : MyHikariCP - Start completed.
2026-05-31T16:31:44.982+01:00  WARN 3004 --- [order-service] [main] [                                                 ] org.hibernate.orm.deprecation            : HHH90000025: MySQLDialect does not need to be specified explicitly using 'hibernate.dialect' (remove the property setting and it will be selected by default)
2026-05-31T16:31:45.010+01:00  INFO 3004 --- [order-service] [main] [                                                 ] org.hibernate.orm.connections.pooling    : HHH10001005: Database info:
	Database JDBC URL [jdbc:mysql://localhost:3309/ecomapp_order_service?useSSL=false&allowPublicKeyRetrieval=true&serverTimezone=UTC]
	Database driver: MySQL Connector/J
	Database dialect: MySQLDialect
	Database version: 8.0.44
	Default catalog/schema: ecomapp_order_service/undefined
	Autocommit mode: undefined/unknown
	Isolation level: REPEATABLE_READ [default REPEATABLE_READ]
	JDBC fetch size: none
	Pool: DataSourceConnectionProvider
	Minimum pool size: undefined/unknown
	Maximum pool size: undefined/unknown
2026-05-31T16:31:46.258+01:00  INFO 3004 --- [order-service] [main] [                                                 ] org.hibernate.orm.core                   : HHH000489: No JTA platform available (set 'hibernate.transaction.jta.platform' to enable JTA platform integration)
2026-05-31T16:31:47.216+01:00  INFO 3004 --- [order-service] [main] [                                                 ] j.LocalContainerEntityManagerFactoryBean : Initialized JPA EntityManagerFactory for persistence unit 'default'
2026-05-31T16:31:47.350+01:00  INFO 3004 --- [order-service] [main] [                                                 ] o.s.d.j.r.query.QueryEnhancerFactories   : Hibernate is in classpath; If applicable, HQL parser will be used.
2026-05-31T16:31:48.046+01:00  WARN 3004 --- [order-service] [main] [                                                 ] JpaBaseConfiguration$JpaWebConfiguration : spring.jpa.open-in-view is enabled by default. Therefore, database queries may be performed during view rendering. Explicitly configure spring.jpa.open-in-view to disable this warning
2026-05-31T16:31:49.038+01:00  INFO 3004 --- [order-service] [main] [                                                 ] o.s.c.s.m.DirectWithAttributesChannel    : Channel 'order-service.springCloudBusInput' has 1 subscriber(s).
2026-05-31T16:31:50.514+01:00  INFO 3004 --- [order-service] [main] [                                                 ] o.s.cloud.commons.util.InetUtils         : Cannot determine local hostname
2026-05-31T16:31:51.879+01:00  INFO 3004 --- [order-service] [main] [                                                 ] o.s.cloud.commons.util.InetUtils         : Cannot determine local hostname
2026-05-31T16:31:53.532+01:00  INFO 3004 --- [order-service] [main] [                                                 ] o.s.cloud.commons.util.InetUtils         : Cannot determine local hostname
2026-05-31T16:31:53.553+01:00  INFO 3004 --- [order-service] [main] [                                                 ] DiscoveryClientOptionalArgsConfiguration : Eureka HTTP Client uses RestClient.
2026-05-31T16:31:53.595+01:00  WARN 3004 --- [order-service] [main] [                                                 ] iguration$LoadBalancerCaffeineWarnLogger : Spring Cloud LoadBalancer is currently working with the default cache. While this cache implementation is useful for development and tests, it's recommended to use Caffeine cache in production.You can switch to using Caffeine cache, by adding it and org.springframework.cache.caffeine.CaffeineCacheManager to the classpath.
2026-05-31T16:31:53.602+01:00  INFO 3004 --- [order-service] [main] [                                                 ] o.s.b.a.e.web.EndpointLinksResolver      : Exposing 25 endpoints beneath base path '/actuator'
2026-05-31T16:31:53.819+01:00  INFO 3004 --- [order-service] [main] [                                                 ] figuration$IntegrationJmxConfiguration$1 : Registering MessageChannel errorChannel
2026-05-31T16:31:53.825+01:00  INFO 3004 --- [order-service] [main] [                                                 ] figuration$IntegrationJmxConfiguration$1 : Registering MessageChannel springCloudBusInput
2026-05-31T16:31:53.831+01:00  INFO 3004 --- [order-service] [main] [                                                 ] figuration$IntegrationJmxConfiguration$1 : Registering MessageChannel nullChannel
2026-05-31T16:31:53.838+01:00  INFO 3004 --- [order-service] [main] [                                                 ] figuration$IntegrationJmxConfiguration$1 : Registering MessageHandler _org.springframework.integration.errorLogger
2026-05-31T16:31:53.856+01:00  INFO 3004 --- [order-service] [main] [                                                 ] o.s.i.endpoint.EventDrivenConsumer       : Adding {logging-channel-adapter:_org.springframework.integration.errorLogger} as a subscriber to the 'errorChannel' channel
2026-05-31T16:31:53.857+01:00  INFO 3004 --- [order-service] [main] [                                                 ] o.s.i.channel.PublishSubscribeChannel    : Channel 'order-service.errorChannel' has 1 subscriber(s).
2026-05-31T16:31:53.859+01:00  INFO 3004 --- [order-service] [main] [                                                 ] o.s.i.endpoint.EventDrivenConsumer       : started bean '_org.springframework.integration.errorLogger'
2026-05-31T16:31:53.895+01:00  INFO 3004 --- [order-service] [main] [                                                 ] o.s.c.n.eureka.InstanceInfoFactory       : Setting initial instance status as: STARTING
2026-05-31T16:31:53.934+01:00  INFO 3004 --- [order-service] [main] [                                                 ] com.netflix.discovery.DiscoveryClient    : Initializing Eureka in region us-east-1
2026-05-31T16:31:53.940+01:00  INFO 3004 --- [order-service] [main] [                                                 ] c.n.d.s.r.aws.ConfigClusterResolver      : Resolving eureka endpoints via configuration
2026-05-31T16:31:53.954+01:00  INFO 3004 --- [order-service] [main] [                                                 ] com.netflix.discovery.DiscoveryClient    : Disable delta property : false
2026-05-31T16:31:53.955+01:00  INFO 3004 --- [order-service] [main] [                                                 ] com.netflix.discovery.DiscoveryClient    : Single vip registry refresh property : null
2026-05-31T16:31:53.955+01:00  INFO 3004 --- [order-service] [main] [                                                 ] com.netflix.discovery.DiscoveryClient    : Force full registry fetch : false
2026-05-31T16:31:53.955+01:00  INFO 3004 --- [order-service] [main] [                                                 ] com.netflix.discovery.DiscoveryClient    : Application is null : false
2026-05-31T16:31:53.955+01:00  INFO 3004 --- [order-service] [main] [                                                 ] com.netflix.discovery.DiscoveryClient    : Registered Applications size is zero : true
2026-05-31T16:31:53.955+01:00  INFO 3004 --- [order-service] [main] [                                                 ] com.netflix.discovery.DiscoveryClient    : Application version is -1: true
2026-05-31T16:31:53.955+01:00  INFO 3004 --- [order-service] [main] [                                                 ] com.netflix.discovery.DiscoveryClient    : Getting all instance registry info from the eureka server
2026-05-31T16:31:54.187+01:00  INFO 3004 --- [order-service] [main] [                                                 ] com.netflix.discovery.DiscoveryClient    : The response status is 200
2026-05-31T16:31:54.191+01:00  INFO 3004 --- [order-service] [main] [                                                 ] com.netflix.discovery.DiscoveryClient    : Starting heartbeat executor: renew interval is: 30
2026-05-31T16:31:54.194+01:00  INFO 3004 --- [order-service] [main] [                                                 ] c.n.discovery.InstanceInfoReplicator     : InstanceInfoReplicator onDemand update allowed rate per min is 4
2026-05-31T16:31:54.196+01:00  INFO 3004 --- [order-service] [main] [                                                 ] com.netflix.discovery.DiscoveryClient    : Discovery Client initialized at timestamp 1780241514195 with initial instances count: 3
2026-05-31T16:31:54.201+01:00  INFO 3004 --- [order-service] [main] [                                                 ] o.s.c.n.e.s.EurekaServiceRegistry        : Registering application ORDER-SERVICE with eureka with status UP
2026-05-31T16:31:54.202+01:00  INFO 3004 --- [order-service] [main] [                                                 ] com.netflix.discovery.DiscoveryClient    : Saw local status change event StatusChangeEvent [timestamp=1780241514202, current=UP, previous=STARTING]
2026-05-31T16:31:54.204+01:00  INFO 3004 --- [order-service] [DiscoveryClient-InstanceInfoReplicator-%d] [                                                 ] com.netflix.discovery.DiscoveryClient    : DiscoveryClient_ORDER-SERVICE/localhost:order-service:8083: registering service...
2026-05-31T16:31:54.206+01:00  INFO 3004 --- [order-service] [main] [                                                 ] o.s.c.s.binder.DefaultBinderFactory      : Creating binder: rabbit
2026-05-31T16:31:54.206+01:00  INFO 3004 --- [order-service] [main] [                                                 ] o.s.c.s.binder.DefaultBinderFactory      : Constructing binder child context for rabbit
2026-05-31T16:31:54.251+01:00  INFO 3004 --- [order-service] [DiscoveryClient-InstanceInfoReplicator-%d] [                                                 ] com.netflix.discovery.DiscoveryClient    : DiscoveryClient_ORDER-SERVICE/localhost:order-service:8083 - registration status: 204
2026-05-31T16:31:54.296+01:00  INFO 3004 --- [order-service] [main] [                                                 ] o.s.c.s.binder.DefaultBinderFactory      : Caching the binder: rabbit
2026-05-31T16:31:54.306+01:00  INFO 3004 --- [order-service] [main] [                                                 ] c.s.b.r.p.RabbitExchangeQueueProvisioner : declaring queue for inbound: springCloudBus.anonymous.t47IovuxR3qs0QmqlLKNQA, bound to: springCloudBus
2026-05-31T16:31:54.311+01:00  INFO 3004 --- [order-service] [main] [                                                 ] o.s.a.r.c.CachingConnectionFactory       : Attempting to connect to: [localhost:5672]
2026-05-31T16:31:54.388+01:00  INFO 3004 --- [order-service] [main] [                                                 ] o.s.a.r.c.CachingConnectionFactory       : Created new connection: rabbitConnectionFactory#318a2e9f:0/SimpleConnection@9cc7cda [delegate=amqp://guest@127.0.0.1:5672/, localPort=54753]
2026-05-31T16:31:54.516+01:00  INFO 3004 --- [order-service] [main] [                                                 ] o.s.c.stream.binder.BinderErrorChannel   : Channel 'rabbit-443117420.springCloudBusInput.errors' has 1 subscriber(s).
2026-05-31T16:31:54.517+01:00  INFO 3004 --- [order-service] [main] [                                                 ] o.s.c.stream.binder.BinderErrorChannel   : Channel 'rabbit-443117420.springCloudBusInput.errors' has 2 subscriber(s).
2026-05-31T16:31:54.548+01:00  INFO 3004 --- [order-service] [main] [                                                 ] o.s.i.a.i.AmqpInboundChannelAdapter      : started bean 'inbound.springCloudBus.anonymous.t47IovuxR3qs0QmqlLKNQA'
2026-05-31T16:31:54.575+01:00  INFO 3004 --- [order-service] [main] [                                                 ] o.s.boot.tomcat.TomcatWebServer          : Tomcat started on port 8083 (http) with context path '/'
2026-05-31T16:31:54.577+01:00  INFO 3004 --- [order-service] [main] [                                                 ] .s.c.n.e.s.EurekaAutoServiceRegistration : Updating port to 8083
2026-05-31T16:31:55.806+01:00  INFO 3004 --- [order-service] [main] [                                                 ] o.s.cloud.commons.util.InetUtils         : Cannot determine local hostname
2026-05-31T16:31:57.047+01:00  INFO 3004 --- [order-service] [main] [                                                 ] o.s.cloud.commons.util.InetUtils         : Cannot determine local hostname
2026-05-31T16:31:57.090+01:00  INFO 3004 --- [order-service] [main] [                                                 ] figuration$IntegrationJmxConfiguration$1 : Registering MessageChannel rabbit-443117420.springCloudBusInput.errors
2026-05-31T16:31:57.106+01:00  INFO 3004 --- [order-service] [main] [                                                 ] c.e.order.OrderServiceApplication        : Started OrderServiceApplication in 20.767 seconds (process running for 22.076)
2026-05-31T16:31:57.116+01:00  WARN 3004 --- [order-service] [main] [                                                 ] o.s.core.events.SpringDocAppInitializer  : SpringDoc /v3/api-docs endpoint is enabled by default. To disable it in production, set the property 'springdoc.api-docs.enabled=false'
2026-05-31T16:31:57.116+01:00  WARN 3004 --- [order-service] [main] [                                                 ] o.s.core.events.SpringDocAppInitializer  : SpringDoc /swagger-ui.html endpoint is enabled by default. To disable it in production, set the property 'springdoc.swagger-ui.enabled=false'
2026-05-31T16:31:57.384+01:00  INFO 3004 --- [order-service] [RMI TCP Connection(6)-192.168.1.22] [                                                 ] o.a.c.c.C.[Tomcat].[localhost].[/]       : Initializing Spring DispatcherServlet 'dispatcherServlet'
2026-05-31T16:31:57.385+01:00  INFO 3004 --- [order-service] [RMI TCP Connection(6)-192.168.1.22] [                                                 ] o.s.web.servlet.DispatcherServlet        : Initializing Servlet 'dispatcherServlet'
2026-05-31T16:31:57.393+01:00  INFO 3004 --- [order-service] [RMI TCP Connection(6)-192.168.1.22] [                                                 ] o.s.web.servlet.DispatcherServlet        : Completed initialization in 8 ms
2026-05-31T16:34:55.939+01:00  INFO 3004 --- [order-service] [SpringApplicationShutdownHook] [                                                 ] o.s.c.n.e.s.EurekaServiceRegistry        : Unregistering application ORDER-SERVICE with eureka with status DOWN
2026-05-31T16:34:55.940+01:00  INFO 3004 --- [order-service] [SpringApplicationShutdownHook] [                                                 ] com.netflix.discovery.DiscoveryClient    : Saw local status change event StatusChangeEvent [timestamp=1780241695940, current=DOWN, previous=UP]
2026-05-31T16:34:55.940+01:00  INFO 3004 --- [order-service] [DiscoveryClient-InstanceInfoReplicator-%d] [                                                 ] com.netflix.discovery.DiscoveryClient    : DiscoveryClient_ORDER-SERVICE/localhost:order-service:8083: registering service...
2026-05-31T16:34:55.946+01:00  INFO 3004 --- [order-service] [SpringApplicationShutdownHook] [                                                 ] o.s.boot.tomcat.GracefulShutdown         : Commencing graceful shutdown. Waiting for active requests to complete
2026-05-31T16:34:55.948+01:00  INFO 3004 --- [order-service] [DiscoveryClient-InstanceInfoReplicator-%d] [                                                 ] com.netflix.discovery.DiscoveryClient    : DiscoveryClient_ORDER-SERVICE/localhost:order-service:8083 - registration status: 204
2026-05-31T16:34:56.298+01:00  INFO 3004 --- [order-service] [tomcat-shutdown] [                                                 ] o.s.boot.tomcat.GracefulShutdown         : Graceful shutdown complete
2026-05-31T16:34:56.322+01:00  INFO 3004 --- [order-service] [SpringApplicationShutdownHook] [                                                 ] o.s.a.r.l.SimpleMessageListenerContainer : Waiting for workers to finish.
2026-05-31T16:34:57.118+01:00  INFO 3004 --- [order-service] [SpringApplicationShutdownHook] [                                                 ] o.s.a.r.l.SimpleMessageListenerContainer : Successfully waited for workers to finish.
2026-05-31T16:34:57.118+01:00  INFO 3004 --- [order-service] [SpringApplicationShutdownHook] [                                                 ] o.s.i.a.i.AmqpInboundChannelAdapter      : stopped bean 'inbound.springCloudBus.anonymous.t47IovuxR3qs0QmqlLKNQA'
2026-05-31T16:34:57.120+01:00  INFO 3004 --- [order-service] [SpringApplicationShutdownHook] [                                                 ] o.s.c.stream.binder.BinderErrorChannel   : Channel 'order-service.rabbit-443117420.springCloudBusInput.errors' has 1 subscriber(s).
2026-05-31T16:34:57.121+01:00  INFO 3004 --- [order-service] [SpringApplicationShutdownHook] [                                                 ] o.s.c.stream.binder.BinderErrorChannel   : Channel 'order-service.rabbit-443117420.springCloudBusInput.errors' has 0 subscriber(s).
2026-05-31T16:34:57.136+01:00  INFO 3004 --- [order-service] [SpringApplicationShutdownHook] [                                                 ] o.s.i.endpoint.EventDrivenConsumer       : Removing {logging-channel-adapter:_org.springframework.integration.errorLogger} as a subscriber to the 'errorChannel' channel
2026-05-31T16:34:57.136+01:00  INFO 3004 --- [order-service] [SpringApplicationShutdownHook] [                                                 ] o.s.i.channel.PublishSubscribeChannel    : Channel 'order-service.errorChannel' has 0 subscriber(s).
2026-05-31T16:34:57.136+01:00  INFO 3004 --- [order-service] [SpringApplicationShutdownHook] [                                                 ] o.s.i.endpoint.EventDrivenConsumer       : stopped bean '_org.springframework.integration.errorLogger'
2026-05-31T16:34:57.149+01:00  INFO 3004 --- [order-service] [SpringApplicationShutdownHook] [                                                 ] j.LocalContainerEntityManagerFactoryBean : Closing JPA EntityManagerFactory for persistence unit 'default'
2026-05-31T16:34:57.152+01:00  INFO 3004 --- [order-service] [SpringApplicationShutdownHook] [                                                 ] com.zaxxer.hikari.HikariDataSource       : MyHikariCP - Shutdown initiated...
2026-05-31T16:34:57.158+01:00  INFO 3004 --- [order-service] [SpringApplicationShutdownHook] [                                                 ] com.zaxxer.hikari.HikariDataSource       : MyHikariCP - Shutdown completed.
2026-05-31T16:34:58.099+01:00  INFO 3004 --- [order-service] [SpringApplicationShutdownHook] [                                                 ] com.netflix.discovery.DiscoveryClient    : Shutting down DiscoveryClient ...
2026-05-31T16:35:01.114+01:00  INFO 3004 --- [order-service] [SpringApplicationShutdownHook] [                                                 ] com.netflix.discovery.DiscoveryClient    : Unregistering ...
2026-05-31T16:35:01.133+01:00  INFO 3004 --- [order-service] [SpringApplicationShutdownHook] [                                                 ] com.netflix.discovery.DiscoveryClient    : DiscoveryClient_ORDER-SERVICE/localhost:order-service:8083 - deregister  status: 200
2026-05-31T16:35:01.134+01:00  INFO 3004 --- [order-service] [SpringApplicationShutdownHook] [                                                 ] com.netflix.discovery.DiscoveryClient    : Completed shut down of DiscoveryClient
2026-05-31T16:35:08.306+01:00  INFO 19284 --- [order-service] [main] [                                                 ] c.e.order.OrderServiceApplication        : Starting OrderServiceApplication using Java 17.0.12 with PID 19284 (D:\Dublin\Interview Prep\Microservices\E-Commerce-Microservices-App\order\target\classes started by musta in D:\Dublin\Interview Prep\Microservices\E-Commerce-Microservices-App)
2026-05-31T16:35:08.310+01:00  INFO 19284 --- [order-service] [main] [                                                 ] c.e.order.OrderServiceApplication        : The following 1 profile is active: "order-service"
2026-05-31T16:35:08.349+01:00  INFO 19284 --- [order-service] [main] [                                                 ] o.s.c.c.c.ConfigServerConfigDataLoader   : Fetching config from server at : http://localhost:8888
2026-05-31T16:35:08.349+01:00  INFO 19284 --- [order-service] [main] [                                                 ] o.s.c.c.c.ConfigServerConfigDataLoader   : Located environment: name=order-service, profiles=[default], label=null, version=null, state=null
2026-05-31T16:35:08.350+01:00  INFO 19284 --- [order-service] [main] [                                                 ] o.s.c.c.c.ConfigServerConfigDataLoader   : Fetching config from server at : http://localhost:8888
2026-05-31T16:35:08.351+01:00  INFO 19284 --- [order-service] [main] [                                                 ] o.s.c.c.c.ConfigServerConfigDataLoader   : Located environment: name=order-service, profiles=[order-service], label=null, version=null, state=null
2026-05-31T16:35:10.134+01:00  INFO 19284 --- [order-service] [main] [                                                 ] .s.d.r.c.RepositoryConfigurationDelegate : Bootstrapping Spring Data JPA repositories in DEFAULT mode.
2026-05-31T16:35:10.267+01:00  INFO 19284 --- [order-service] [main] [                                                 ] .s.d.r.c.RepositoryConfigurationDelegate : Finished Spring Data repository scanning in 126 ms. Found 2 JPA repository interfaces.
2026-05-31T16:35:10.579+01:00  INFO 19284 --- [order-service] [main] [                                                 ] faultConfiguringBeanFactoryPostProcessor : No bean named 'errorChannel' has been explicitly defined. Therefore, a default PublishSubscribeChannel will be created.
2026-05-31T16:35:10.585+01:00  INFO 19284 --- [order-service] [main] [                                                 ] faultConfiguringBeanFactoryPostProcessor : No bean named 'integrationHeaderChannelRegistry' has been explicitly defined. Therefore, a default DefaultHeaderChannelRegistry will be created.
2026-05-31T16:35:10.801+01:00  INFO 19284 --- [order-service] [main] [                                                 ] o.s.cloud.context.scope.GenericScope     : BeanFactory id=e2d200e8-0782-388f-b87c-71aae4bcfdec
2026-05-31T16:35:11.630+01:00  INFO 19284 --- [order-service] [main] [                                                 ] o.s.boot.tomcat.TomcatWebServer          : Tomcat initialized with port 8083 (http)
2026-05-31T16:35:11.644+01:00  INFO 19284 --- [order-service] [main] [                                                 ] o.apache.catalina.core.StandardService   : Starting service [Tomcat]
2026-05-31T16:35:11.645+01:00  INFO 19284 --- [order-service] [main] [                                                 ] o.apache.catalina.core.StandardEngine    : Starting Servlet engine: [Apache Tomcat/11.0.15]
2026-05-31T16:35:11.740+01:00  INFO 19284 --- [order-service] [main] [                                                 ] b.w.c.s.WebApplicationContextInitializer : Root WebApplicationContext: initialization completed in 3387 ms
2026-05-31T16:35:12.459+01:00  INFO 19284 --- [order-service] [main] [                                                 ] org.hibernate.orm.jpa                    : HHH008540: Processing PersistenceUnitInfo [name: default]
2026-05-31T16:35:12.529+01:00  INFO 19284 --- [order-service] [main] [                                                 ] org.hibernate.orm.core                   : HHH000001: Hibernate ORM core version 7.2.0.Final
2026-05-31T16:35:13.159+01:00  INFO 19284 --- [order-service] [main] [                                                 ] o.s.o.j.p.SpringPersistenceUnitInfo      : No LoadTimeWeaver setup: ignoring JPA class transformer
2026-05-31T16:35:13.207+01:00  INFO 19284 --- [order-service] [main] [                                                 ] com.zaxxer.hikari.HikariDataSource       : MyHikariCP - Starting...
2026-05-31T16:35:13.443+01:00  INFO 19284 --- [order-service] [main] [                                                 ] com.zaxxer.hikari.pool.HikariPool        : MyHikariCP - Added connection com.mysql.cj.jdbc.ConnectionImpl@2f0b7b6d
2026-05-31T16:35:13.445+01:00  INFO 19284 --- [order-service] [main] [                                                 ] com.zaxxer.hikari.HikariDataSource       : MyHikariCP - Start completed.
2026-05-31T16:35:13.614+01:00  WARN 19284 --- [order-service] [main] [                                                 ] org.hibernate.orm.deprecation            : HHH90000025: MySQLDialect does not need to be specified explicitly using 'hibernate.dialect' (remove the property setting and it will be selected by default)
2026-05-31T16:35:13.656+01:00  INFO 19284 --- [order-service] [main] [                                                 ] org.hibernate.orm.connections.pooling    : HHH10001005: Database info:
	Database JDBC URL [jdbc:mysql://localhost:3309/ecomapp_order_service?useSSL=false&allowPublicKeyRetrieval=true&serverTimezone=UTC]
	Database driver: MySQL Connector/J
	Database dialect: MySQLDialect
	Database version: 8.0.44
	Default catalog/schema: ecomapp_order_service/undefined
	Autocommit mode: undefined/unknown
	Isolation level: REPEATABLE_READ [default REPEATABLE_READ]
	JDBC fetch size: none
	Pool: DataSourceConnectionProvider
	Minimum pool size: undefined/unknown
	Maximum pool size: undefined/unknown
2026-05-31T16:35:15.090+01:00  INFO 19284 --- [order-service] [main] [                                                 ] org.hibernate.orm.core                   : HHH000489: No JTA platform available (set 'hibernate.transaction.jta.platform' to enable JTA platform integration)
2026-05-31T16:35:15.728+01:00  INFO 19284 --- [order-service] [main] [                                                 ] j.LocalContainerEntityManagerFactoryBean : Initialized JPA EntityManagerFactory for persistence unit 'default'
2026-05-31T16:35:15.845+01:00  INFO 19284 --- [order-service] [main] [                                                 ] o.s.d.j.r.query.QueryEnhancerFactories   : Hibernate is in classpath; If applicable, HQL parser will be used.
2026-05-31T16:35:16.652+01:00  WARN 19284 --- [order-service] [main] [                                                 ] JpaBaseConfiguration$JpaWebConfiguration : spring.jpa.open-in-view is enabled by default. Therefore, database queries may be performed during view rendering. Explicitly configure spring.jpa.open-in-view to disable this warning
2026-05-31T16:35:17.920+01:00  INFO 19284 --- [order-service] [main] [                                                 ] o.s.c.s.m.DirectWithAttributesChannel    : Channel 'order-service.springCloudBusInput' has 1 subscriber(s).
2026-05-31T16:35:19.407+01:00  INFO 19284 --- [order-service] [main] [                                                 ] o.s.cloud.commons.util.InetUtils         : Cannot determine local hostname
2026-05-31T16:35:20.664+01:00  INFO 19284 --- [order-service] [main] [                                                 ] o.s.cloud.commons.util.InetUtils         : Cannot determine local hostname
2026-05-31T16:35:22.500+01:00  INFO 19284 --- [order-service] [main] [                                                 ] o.s.cloud.commons.util.InetUtils         : Cannot determine local hostname
2026-05-31T16:35:22.530+01:00  INFO 19284 --- [order-service] [main] [                                                 ] DiscoveryClientOptionalArgsConfiguration : Eureka HTTP Client uses RestClient.
2026-05-31T16:35:22.581+01:00  WARN 19284 --- [order-service] [main] [                                                 ] iguration$LoadBalancerCaffeineWarnLogger : Spring Cloud LoadBalancer is currently working with the default cache. While this cache implementation is useful for development and tests, it's recommended to use Caffeine cache in production.You can switch to using Caffeine cache, by adding it and org.springframework.cache.caffeine.CaffeineCacheManager to the classpath.
2026-05-31T16:35:22.590+01:00  INFO 19284 --- [order-service] [main] [                                                 ] o.s.b.a.e.web.EndpointLinksResolver      : Exposing 25 endpoints beneath base path '/actuator'
2026-05-31T16:35:22.813+01:00  INFO 19284 --- [order-service] [main] [                                                 ] figuration$IntegrationJmxConfiguration$1 : Registering MessageChannel errorChannel
2026-05-31T16:35:22.823+01:00  INFO 19284 --- [order-service] [main] [                                                 ] figuration$IntegrationJmxConfiguration$1 : Registering MessageChannel springCloudBusInput
2026-05-31T16:35:22.830+01:00  INFO 19284 --- [order-service] [main] [                                                 ] figuration$IntegrationJmxConfiguration$1 : Registering MessageChannel nullChannel
2026-05-31T16:35:22.835+01:00  INFO 19284 --- [order-service] [main] [                                                 ] figuration$IntegrationJmxConfiguration$1 : Registering MessageHandler _org.springframework.integration.errorLogger
2026-05-31T16:35:22.849+01:00  INFO 19284 --- [order-service] [main] [                                                 ] o.s.i.endpoint.EventDrivenConsumer       : Adding {logging-channel-adapter:_org.springframework.integration.errorLogger} as a subscriber to the 'errorChannel' channel
2026-05-31T16:35:22.849+01:00  INFO 19284 --- [order-service] [main] [                                                 ] o.s.i.channel.PublishSubscribeChannel    : Channel 'order-service.errorChannel' has 1 subscriber(s).
2026-05-31T16:35:22.849+01:00  INFO 19284 --- [order-service] [main] [                                                 ] o.s.i.endpoint.EventDrivenConsumer       : started bean '_org.springframework.integration.errorLogger'
2026-05-31T16:35:22.874+01:00  INFO 19284 --- [order-service] [main] [                                                 ] o.s.c.n.eureka.InstanceInfoFactory       : Setting initial instance status as: STARTING
2026-05-31T16:35:22.901+01:00  INFO 19284 --- [order-service] [main] [                                                 ] com.netflix.discovery.DiscoveryClient    : Initializing Eureka in region us-east-1
2026-05-31T16:35:22.917+01:00  INFO 19284 --- [order-service] [main] [                                                 ] c.n.d.s.r.aws.ConfigClusterResolver      : Resolving eureka endpoints via configuration
2026-05-31T16:35:22.948+01:00  INFO 19284 --- [order-service] [main] [                                                 ] com.netflix.discovery.DiscoveryClient    : Disable delta property : false
2026-05-31T16:35:22.948+01:00  INFO 19284 --- [order-service] [main] [                                                 ] com.netflix.discovery.DiscoveryClient    : Single vip registry refresh property : null
2026-05-31T16:35:22.948+01:00  INFO 19284 --- [order-service] [main] [                                                 ] com.netflix.discovery.DiscoveryClient    : Force full registry fetch : false
2026-05-31T16:35:22.949+01:00  INFO 19284 --- [order-service] [main] [                                                 ] com.netflix.discovery.DiscoveryClient    : Application is null : false
2026-05-31T16:35:22.949+01:00  INFO 19284 --- [order-service] [main] [                                                 ] com.netflix.discovery.DiscoveryClient    : Registered Applications size is zero : true
2026-05-31T16:35:22.949+01:00  INFO 19284 --- [order-service] [main] [                                                 ] com.netflix.discovery.DiscoveryClient    : Application version is -1: true
2026-05-31T16:35:22.950+01:00  INFO 19284 --- [order-service] [main] [                                                 ] com.netflix.discovery.DiscoveryClient    : Getting all instance registry info from the eureka server
2026-05-31T16:35:23.199+01:00  INFO 19284 --- [order-service] [main] [                                                 ] com.netflix.discovery.DiscoveryClient    : The response status is 200
2026-05-31T16:35:23.205+01:00  INFO 19284 --- [order-service] [main] [                                                 ] com.netflix.discovery.DiscoveryClient    : Starting heartbeat executor: renew interval is: 30
2026-05-31T16:35:23.209+01:00  INFO 19284 --- [order-service] [main] [                                                 ] c.n.discovery.InstanceInfoReplicator     : InstanceInfoReplicator onDemand update allowed rate per min is 4
2026-05-31T16:35:23.212+01:00  INFO 19284 --- [order-service] [main] [                                                 ] com.netflix.discovery.DiscoveryClient    : Discovery Client initialized at timestamp 1780241723211 with initial instances count: 3
2026-05-31T16:35:23.219+01:00  INFO 19284 --- [order-service] [main] [                                                 ] o.s.c.n.e.s.EurekaServiceRegistry        : Registering application ORDER-SERVICE with eureka with status UP
2026-05-31T16:35:23.220+01:00  INFO 19284 --- [order-service] [main] [                                                 ] com.netflix.discovery.DiscoveryClient    : Saw local status change event StatusChangeEvent [timestamp=1780241723220, current=UP, previous=STARTING]
2026-05-31T16:35:23.223+01:00  INFO 19284 --- [order-service] [DiscoveryClient-InstanceInfoReplicator-%d] [                                                 ] com.netflix.discovery.DiscoveryClient    : DiscoveryClient_ORDER-SERVICE/localhost:order-service:8083: registering service...
2026-05-31T16:35:23.225+01:00  INFO 19284 --- [order-service] [main] [                                                 ] o.s.c.s.binder.DefaultBinderFactory      : Creating binder: rabbit
2026-05-31T16:35:23.225+01:00  INFO 19284 --- [order-service] [main] [                                                 ] o.s.c.s.binder.DefaultBinderFactory      : Constructing binder child context for rabbit
2026-05-31T16:35:23.298+01:00  INFO 19284 --- [order-service] [DiscoveryClient-InstanceInfoReplicator-%d] [                                                 ] com.netflix.discovery.DiscoveryClient    : DiscoveryClient_ORDER-SERVICE/localhost:order-service:8083 - registration status: 204
2026-05-31T16:35:23.347+01:00  INFO 19284 --- [order-service] [main] [                                                 ] o.s.c.s.binder.DefaultBinderFactory      : Caching the binder: rabbit
2026-05-31T16:35:23.357+01:00  INFO 19284 --- [order-service] [main] [                                                 ] c.s.b.r.p.RabbitExchangeQueueProvisioner : declaring queue for inbound: springCloudBus.anonymous.DWO6JefvTtaJUw1MTehq5Q, bound to: springCloudBus
2026-05-31T16:35:23.362+01:00  INFO 19284 --- [order-service] [main] [                                                 ] o.s.a.r.c.CachingConnectionFactory       : Attempting to connect to: [localhost:5672]
2026-05-31T16:35:23.432+01:00  INFO 19284 --- [order-service] [main] [                                                 ] o.s.a.r.c.CachingConnectionFactory       : Created new connection: rabbitConnectionFactory#700e4826:0/SimpleConnection@448d4d6b [delegate=amqp://guest@127.0.0.1:5672/, localPort=53807]
2026-05-31T16:35:23.606+01:00  INFO 19284 --- [order-service] [main] [                                                 ] o.s.c.stream.binder.BinderErrorChannel   : Channel 'rabbit-1532760373.springCloudBusInput.errors' has 1 subscriber(s).
2026-05-31T16:35:23.610+01:00  INFO 19284 --- [order-service] [main] [                                                 ] o.s.c.stream.binder.BinderErrorChannel   : Channel 'rabbit-1532760373.springCloudBusInput.errors' has 2 subscriber(s).
2026-05-31T16:35:23.656+01:00  INFO 19284 --- [order-service] [main] [                                                 ] o.s.i.a.i.AmqpInboundChannelAdapter      : started bean 'inbound.springCloudBus.anonymous.DWO6JefvTtaJUw1MTehq5Q'
2026-05-31T16:35:23.681+01:00  INFO 19284 --- [order-service] [main] [                                                 ] o.s.boot.tomcat.TomcatWebServer          : Tomcat started on port 8083 (http) with context path '/'
2026-05-31T16:35:23.684+01:00  INFO 19284 --- [order-service] [main] [                                                 ] .s.c.n.e.s.EurekaAutoServiceRegistration : Updating port to 8083
2026-05-31T16:35:24.373+01:00  INFO 19284 --- [order-service] [http-nio-8083-exec-1] [                                                 ] o.a.c.c.C.[Tomcat].[localhost].[/]       : Initializing Spring DispatcherServlet 'dispatcherServlet'
2026-05-31T16:35:24.374+01:00  INFO 19284 --- [order-service] [http-nio-8083-exec-1] [                                                 ] o.s.web.servlet.DispatcherServlet        : Initializing Servlet 'dispatcherServlet'
2026-05-31T16:35:24.379+01:00  INFO 19284 --- [order-service] [http-nio-8083-exec-1] [                                                 ] o.s.web.servlet.DispatcherServlet        : Completed initialization in 5 ms
2026-05-31T16:35:25.175+01:00  INFO 19284 --- [order-service] [main] [                                                 ] o.s.cloud.commons.util.InetUtils         : Cannot determine local hostname
2026-05-31T16:35:25.450+01:00  INFO 19284 --- [order-service] [http-nio-8083-exec-1] [6a1c553c9c037e22eed34f37db493a28-eed34f37db493a28] figuration$IntegrationJmxConfiguration$1 : Registering MessageChannel rabbit-1532760373.springCloudBusInput.errors
2026-05-31T16:35:26.428+01:00  INFO 19284 --- [order-service] [main] [                                                 ] o.s.cloud.commons.util.InetUtils         : Cannot determine local hostname
2026-05-31T16:35:26.480+01:00  INFO 19284 --- [order-service] [main] [                                                 ] c.e.order.OrderServiceApplication        : Started OrderServiceApplication in 20.781 seconds (process running for 21.715)
2026-05-31T16:35:26.498+01:00  WARN 19284 --- [order-service] [main] [                                                 ] o.s.core.events.SpringDocAppInitializer  : SpringDoc /v3/api-docs endpoint is enabled by default. To disable it in production, set the property 'springdoc.api-docs.enabled=false'
2026-05-31T16:35:26.499+01:00  WARN 19284 --- [order-service] [main] [                                                 ] o.s.core.events.SpringDocAppInitializer  : SpringDoc /swagger-ui.html endpoint is enabled by default. To disable it in production, set the property 'springdoc.swagger-ui.enabled=false'
2026-05-31T16:40:22.963+01:00  INFO 19284 --- [order-service] [AsyncResolver-bootstrap-executor-%d] [                                                 ] c.n.d.s.r.aws.ConfigClusterResolver      : Resolving eureka endpoints via configuration
2026-05-31T16:41:18.912+01:00  WARN 19284 --- [order-service] [AsyncReporter{ZipkinHttpClientSender{http://localhost:9411/api/v2/spans}}] [                                                 ] z.r.i.AsyncReporter$BoundedAsyncReporter : Spans were dropped due to exceptions. All subsequent errors will be logged at FINE level.
2026-05-31T16:41:18.912+01:00  WARN 19284 --- [order-service] [AsyncReporter{ZipkinHttpClientSender{http://localhost:9411/api/v2/spans}}] [                                                 ] z.r.i.AsyncReporter$BoundedAsyncReporter : Dropped 1 spans due to ConnectException()

java.net.ConnectException
	at java.net.http/jdk.internal.net.http.HttpClientImpl.send(HttpClientImpl.java:574) ~[java.net.http:na]
	at java.net.http/jdk.internal.net.http.HttpClientFacade.send(HttpClientFacade.java:123) ~[java.net.http:na]
	at org.springframework.boot.zipkin.autoconfigure.ZipkinHttpClientSender.postSpans(ZipkinHttpClientSender.java:59) ~[spring-boot-zipkin-4.0.1.jar:4.0.1]
	at org.springframework.boot.zipkin.autoconfigure.HttpSender.postSpans(HttpSender.java:69) ~[spring-boot-zipkin-4.0.1.jar:4.0.1]
	at org.springframework.boot.zipkin.autoconfigure.HttpSender.postSpans(HttpSender.java:41) ~[spring-boot-zipkin-4.0.1.jar:4.0.1]
	at zipkin2.reporter.BaseHttpSender.send(BaseHttpSender.java:123) ~[zipkin-reporter-3.5.1.jar:na]
	at zipkin2.reporter.internal.AsyncReporter$BoundedAsyncReporter.flush(AsyncReporter.java:266) ~[zipkin-reporter-3.5.1.jar:na]
	at zipkin2.reporter.internal.AsyncReporter$Flusher.run(AsyncReporter.java:352) ~[zipkin-reporter-3.5.1.jar:na]
	at java.base/java.lang.Thread.run(Thread.java:842) ~[na:na]
Caused by: java.net.ConnectException
	at java.net.http/jdk.internal.net.http.common.Utils.toConnectException(Utils.java:1055) ~[java.net.http:na]
	at java.net.http/jdk.internal.net.http.PlainHttpConnection.connectAsync(PlainHttpConnection.java:198) ~[java.net.http:na]
	at java.net.http/jdk.internal.net.http.PlainHttpConnection.checkRetryConnect(PlainHttpConnection.java:230) ~[java.net.http:na]
	at java.net.http/jdk.internal.net.http.PlainHttpConnection.lambda$connectAsync$1(PlainHttpConnection.java:206) ~[java.net.http:na]
	at java.base/java.util.concurrent.CompletableFuture.uniHandle(CompletableFuture.java:934) ~[na:na]
	at java.base/java.util.concurrent.CompletableFuture$UniHandle.tryFire(CompletableFuture.java:911) ~[na:na]
	at java.base/java.util.concurrent.CompletableFuture.postComplete(CompletableFuture.java:510) ~[na:na]
	at java.base/java.util.concurrent.CompletableFuture$AsyncSupply.run(CompletableFuture.java:1773) ~[na:na]
	at java.base/java.util.concurrent.ThreadPoolExecutor.runWorker(ThreadPoolExecutor.java:1136) ~[na:na]
	at java.base/java.util.concurrent.ThreadPoolExecutor$Worker.run(ThreadPoolExecutor.java:635) ~[na:na]
	... 1 common frames omitted
Caused by: java.nio.channels.ClosedChannelException
	at java.base/sun.nio.ch.SocketChannelImpl.ensureOpen(SocketChannelImpl.java:195) ~[na:na]
	at java.base/sun.nio.ch.SocketChannelImpl.beginConnect(SocketChannelImpl.java:760) ~[na:na]
	at java.base/sun.nio.ch.SocketChannelImpl.connect(SocketChannelImpl.java:848) ~[na:na]
	at java.net.http/jdk.internal.net.http.PlainHttpConnection.lambda$connectAsync$0(PlainHttpConnection.java:183) ~[java.net.http:na]
	at java.base/java.security.AccessController.doPrivileged(AccessController.java:569) ~[na:na]
	at java.net.http/jdk.internal.net.http.PlainHttpConnection.connectAsync(PlainHttpConnection.java:185) ~[java.net.http:na]
	... 9 common frames omitted

